Gene	In_ML	In_DE	In_MUT	In_STRING	Support_Count
CSAD	TRUE	TRUE	FALSE	FALSE	2
ESR1	TRUE	TRUE	FALSE	TRUE	3
ERBB2	TRUE	TRUE	FALSE	TRUE	3
C19orf36	TRUE	TRUE	FALSE	FALSE	2
CA12	TRUE	TRUE	FALSE	FALSE	2
TFF3	TRUE	TRUE	FALSE	FALSE	2
TP53	TRUE	FALSE	TRUE	TRUE	3
EGFR	TRUE	TRUE	FALSE	TRUE	3
RHOB	TRUE	TRUE	FALSE	FALSE	2
BPI	TRUE	TRUE	FALSE	FALSE	2
ALB	TRUE	TRUE	FALSE	TRUE	3
TBC1D9	TRUE	TRUE	FALSE	FALSE	2
FOXC1	TRUE	TRUE	FALSE	FALSE	2
TFF1	TRUE	TRUE	FALSE	TRUE	3
POU5F1	TRUE	TRUE	FALSE	FALSE	2
CT62	TRUE	TRUE	FALSE	FALSE	2
ASPM	TRUE	TRUE	FALSE	FALSE	2
AGR3	TRUE	TRUE	FALSE	FALSE	2
GDF15	TRUE	TRUE	FALSE	FALSE	2
LOC145837	TRUE	TRUE	FALSE	FALSE	2
C1orf64	TRUE	TRUE	FALSE	FALSE	2
TTK	TRUE	TRUE	FALSE	FALSE	2
AGR2	TRUE	TRUE	FALSE	TRUE	3
TNF	TRUE	TRUE	FALSE	TRUE	3
GPR77	TRUE	TRUE	FALSE	FALSE	2
PPP1R14C	TRUE	TRUE	FALSE	FALSE	2
VGLL1	TRUE	TRUE	FALSE	FALSE	2
LOC84740	TRUE	TRUE	FALSE	FALSE	2
MLPH	TRUE	TRUE	FALSE	FALSE	2
CYP2B7P1	TRUE	TRUE	FALSE	FALSE	2
FSIP1	TRUE	TRUE	FALSE	FALSE	2
MKI67	TRUE	TRUE	FALSE	FALSE	2
KIF11	TRUE	TRUE	FALSE	FALSE	2
BUB1	TRUE	TRUE	FALSE	FALSE	2
TMSB15A	TRUE	TRUE	FALSE	FALSE	2
CCNA2	TRUE	TRUE	FALSE	FALSE	2
DSC2	TRUE	TRUE	FALSE	FALSE	2
CDK1	TRUE	TRUE	FALSE	FALSE	2
GAMT	TRUE	TRUE	FALSE	FALSE	2
AURKB	TRUE	TRUE	FALSE	FALSE	2
FFAR2	TRUE	TRUE	FALSE	FALSE	2
PLK1	TRUE	TRUE	FALSE	FALSE	2
ENPP1	TRUE	TRUE	FALSE	FALSE	2
TPSG1	TRUE	TRUE	FALSE	FALSE	2
AURKA	TRUE	TRUE	FALSE	FALSE	2
PSAT1	TRUE	TRUE	FALSE	FALSE	2
CCND1	TRUE	TRUE	FALSE	FALSE	2
CXXC5	TRUE	TRUE	FALSE	FALSE	2
LCT	TRUE	TRUE	FALSE	FALSE	2
ART3	TRUE	TRUE	FALSE	FALSE	2
RRM2	TRUE	TRUE	FALSE	FALSE	2
KCNK15	TRUE	TRUE	FALSE	FALSE	2
HORMAD1	TRUE	TRUE	FALSE	FALSE	2
TOP2A	TRUE	TRUE	FALSE	FALSE	2
FOXA1	TRUE	TRUE	FALSE	FALSE	2
PRR15	TRUE	TRUE	FALSE	FALSE	2
FAM47E	TRUE	TRUE	FALSE	FALSE	2
UGT2B7	TRUE	TRUE	FALSE	FALSE	2
CXorf61	TRUE	TRUE	FALSE	FALSE	2
TTLL4	TRUE	TRUE	FALSE	FALSE	2
PKP1	TRUE	TRUE	FALSE	FALSE	2
EN1	TRUE	TRUE	FALSE	FALSE	2
C6orf97	TRUE	TRUE	FALSE	FALSE	2
MMP17	TRUE	TRUE	FALSE	FALSE	2
SLC7A8	TRUE	TRUE	FALSE	FALSE	2
CDH1	TRUE	FALSE	TRUE	FALSE	2
TTC36	TRUE	TRUE	FALSE	FALSE	2
FREM2	TRUE	TRUE	FALSE	FALSE	2
ABCC8	TRUE	TRUE	FALSE	FALSE	2
A2ML1	TRUE	TRUE	FALSE	FALSE	2
DNALI1	TRUE	TRUE	FALSE	FALSE	2
XBP1	TRUE	TRUE	FALSE	FALSE	2
ANKRD30A	TRUE	TRUE	FALSE	FALSE	2
CCDC48	TRUE	TRUE	FALSE	FALSE	2
TNIP3	TRUE	TRUE	FALSE	FALSE	2
GP2	TRUE	TRUE	FALSE	FALSE	2
INA	TRUE	TRUE	FALSE	FALSE	2
GATA3	TRUE	TRUE	TRUE	FALSE	3
AGAP11	TRUE	TRUE	FALSE	FALSE	2
LRRC17	TRUE	TRUE	FALSE	FALSE	2
BCAS1	TRUE	TRUE	FALSE	FALSE	2
ARSG	TRUE	TRUE	FALSE	FALSE	2
STOX2	TRUE	TRUE	FALSE	FALSE	2
ERBB4	TRUE	TRUE	FALSE	FALSE	2
B3GNT5	TRUE	TRUE	FALSE	FALSE	2
PRTFDC1	TRUE	TRUE	FALSE	FALSE	2
SPTBN4	TRUE	TRUE	FALSE	FALSE	2
TGM5	TRUE	TRUE	FALSE	FALSE	2
SCEL	TRUE	TRUE	FALSE	FALSE	2
CORO6	TRUE	TRUE	FALSE	FALSE	2
FLJ46111	TRUE	TRUE	FALSE	FALSE	2
GPR110	TRUE	TRUE	FALSE	FALSE	2
ABCC11	TRUE	TRUE	FALSE	FALSE	2
GABRP	TRUE	TRUE	FALSE	FALSE	2
MGC2889	TRUE	TRUE	FALSE	FALSE	2
SCGB2A2	TRUE	TRUE	FALSE	FALSE	2
SLC44A4	TRUE	TRUE	FALSE	FALSE	2
UGT8	TRUE	TRUE	FALSE	FALSE	2
ACBD7	TRUE	TRUE	FALSE	FALSE	2
SCUBE2	TRUE	TRUE	FALSE	FALSE	2
VAX1	TRUE	TRUE	FALSE	FALSE	2
SSPO	TRUE	TRUE	FALSE	FALSE	2
BCL11A	TRUE	TRUE	FALSE	FALSE	2
ELF5	TRUE	TRUE	FALSE	FALSE	2
ANXA9	TRUE	TRUE	FALSE	FALSE	2
SERPINA11	TRUE	TRUE	FALSE	FALSE	2
DOC2A	TRUE	TRUE	FALSE	FALSE	2
FLJ45983	TRUE	TRUE	FALSE	FALSE	2
PRKX	TRUE	TRUE	FALSE	FALSE	2
L3MBTL4	TRUE	TRUE	FALSE	FALSE	2
ROPN1	TRUE	TRUE	FALSE	FALSE	2
TMEM178	TRUE	TRUE	FALSE	FALSE	2
SLC6A14	TRUE	TRUE	FALSE	FALSE	2
SPDEF	TRUE	TRUE	FALSE	FALSE	2
CDCA2	TRUE	TRUE	FALSE	FALSE	2
FABP7	TRUE	TRUE	FALSE	FALSE	2
CHRD	TRUE	TRUE	FALSE	FALSE	2
GABBR2	TRUE	TRUE	FALSE	FALSE	2
SCGB1D2	TRUE	TRUE	FALSE	FALSE	2
PGR	TRUE	TRUE	FALSE	FALSE	2
KRT16	TRUE	TRUE	FALSE	FALSE	2
ANKRD30B	TRUE	TRUE	FALSE	FALSE	2
GFRA1	TRUE	TRUE	FALSE	FALSE	2
PRAME	TRUE	TRUE	FALSE	FALSE	2
CPB1	TRUE	TRUE	FALSE	FALSE	2
CACNA2D2	TRUE	TRUE	FALSE	FALSE	2
CMBL	TRUE	TRUE	FALSE	FALSE	2
SYBU	TRUE	TRUE	FALSE	FALSE	2
STAC	TRUE	TRUE	FALSE	FALSE	2
TSPAN1	TRUE	TRUE	FALSE	FALSE	2
SYT9	TRUE	TRUE	FALSE	FALSE	2
PIP	TRUE	TRUE	FALSE	FALSE	2
DACH1	TRUE	TRUE	FALSE	FALSE	2
THSD4	TRUE	TRUE	FALSE	FALSE	2
KLK6	TRUE	TRUE	FALSE	FALSE	2
AMY1A	TRUE	TRUE	FALSE	FALSE	2
CA9	TRUE	TRUE	FALSE	FALSE	2
KCNJ3	TRUE	TRUE	FALSE	FALSE	2
PLCH1	TRUE	TRUE	FALSE	FALSE	2
HMGCS2	TRUE	TRUE	FALSE	FALSE	2
MSLN	TRUE	TRUE	FALSE	FALSE	2
F7	TRUE	TRUE	FALSE	FALSE	2
CYP4B1	TRUE	TRUE	FALSE	FALSE	2
CAPN8	TRUE	TRUE	FALSE	FALSE	2
HAPLN3	TRUE	TRUE	FALSE	FALSE	2
MAPT	TRUE	TRUE	FALSE	FALSE	2
ZIC1	TRUE	TRUE	FALSE	FALSE	2
FZD9	TRUE	TRUE	FALSE	FALSE	2
SYTL5	TRUE	TRUE	FALSE	FALSE	2
LOC157381	TRUE	TRUE	FALSE	FALSE	2
AKR7A3	TRUE	TRUE	FALSE	FALSE	2
AR	TRUE	TRUE	FALSE	FALSE	2
GRPR	TRUE	TRUE	FALSE	FALSE	2
CYP4Z2P	TRUE	TRUE	FALSE	FALSE	2
EEF1A2	TRUE	TRUE	FALSE	FALSE	2
PROM1	TRUE	TRUE	FALSE	FALSE	2
SFRS13B	TRUE	TRUE	FALSE	FALSE	2
MDGA2	TRUE	TRUE	FALSE	FALSE	2
DEGS2	TRUE	TRUE	FALSE	FALSE	2
CHAD	TRUE	TRUE	FALSE	FALSE	2
FAM171A1	TRUE	TRUE	FALSE	FALSE	2
PTPRT	TRUE	TRUE	FALSE	FALSE	2
SOX10	TRUE	TRUE	FALSE	FALSE	2
RGS22	TRUE	TRUE	FALSE	FALSE	2
IL12RB2	TRUE	TRUE	FALSE	FALSE	2
SLC7A2	TRUE	TRUE	FALSE	FALSE	2
ROPN1B	TRUE	TRUE	FALSE	FALSE	2
DHRS2	TRUE	TRUE	FALSE	FALSE	2
C10orf116	TRUE	TRUE	FALSE	FALSE	2
HPX	TRUE	TRUE	FALSE	FALSE	2
ADAMTS15	TRUE	TRUE	FALSE	FALSE	2
IGFALS	TRUE	TRUE	FALSE	FALSE	2
AFF3	TRUE	TRUE	FALSE	FALSE	2
CLSTN2	TRUE	TRUE	FALSE	FALSE	2
ZNF703	TRUE	TRUE	FALSE	FALSE	2
ULBP3	TRUE	TRUE	FALSE	FALSE	2
C20orf114	TRUE	TRUE	FALSE	FALSE	2
CEACAM5	TRUE	TRUE	FALSE	FALSE	2
NCAN	TRUE	TRUE	FALSE	FALSE	2
SLC34A2	TRUE	TRUE	FALSE	FALSE	2
TUBB3	TRUE	TRUE	FALSE	FALSE	2
POU4F1	TRUE	TRUE	FALSE	FALSE	2
CHODL	TRUE	TRUE	FALSE	FALSE	2
SLC15A1	TRUE	TRUE	FALSE	FALSE	2
WNK4	TRUE	TRUE	FALSE	FALSE	2
C4orf7	TRUE	TRUE	FALSE	FALSE	2
CXorf49B	TRUE	TRUE	FALSE	FALSE	2
CENPA	TRUE	TRUE	FALSE	FALSE	2
NAT1	TRUE	TRUE	FALSE	FALSE	2
KIAA1804	TRUE	TRUE	FALSE	FALSE	2
TCEAL1	TRUE	TRUE	FALSE	FALSE	2
LEMD1	TRUE	TRUE	FALSE	FALSE	2
CRIP1	TRUE	TRUE	FALSE	FALSE	2
PGLYRP2	TRUE	TRUE	FALSE	FALSE	2
TMPRSS6	TRUE	TRUE	FALSE	FALSE	2
SFRP1	TRUE	TRUE	FALSE	FALSE	2
NEK10	TRUE	TRUE	FALSE	FALSE	2
KLHDC7A	TRUE	TRUE	FALSE	FALSE	2
C10orf82	TRUE	TRUE	FALSE	FALSE	2
KIF1A	TRUE	TRUE	FALSE	FALSE	2
INPP5J	TRUE	TRUE	FALSE	FALSE	2
NUDT12	TRUE	TRUE	FALSE	FALSE	2
PDZK1	TRUE	TRUE	FALSE	FALSE	2
KRT6B	TRUE	TRUE	FALSE	FALSE	2
GJB3	TRUE	TRUE	FALSE	FALSE	2
PRSS33	TRUE	TRUE	FALSE	FALSE	2
CYP4Z1	TRUE	TRUE	FALSE	FALSE	2
PI3	TRUE	TRUE	FALSE	FALSE	2
LY6D	TRUE	TRUE	FALSE	FALSE	2
DSG1	TRUE	TRUE	FALSE	FALSE	2
CCNE1	TRUE	TRUE	FALSE	FALSE	2
IL22RA2	TRUE	TRUE	FALSE	FALSE	2
MMP12	TRUE	TRUE	FALSE	FALSE	2
MAPK4	TRUE	TRUE	FALSE	FALSE	2
SIDT1	TRUE	TRUE	FALSE	FALSE	2
TPRG1	TRUE	TRUE	FALSE	FALSE	2
SLC16A6	TRUE	TRUE	FALSE	FALSE	2
SCRG1	TRUE	TRUE	FALSE	FALSE	2
P4HTM	TRUE	TRUE	FALSE	FALSE	2
CTSL2	TRUE	TRUE	FALSE	FALSE	2
MMP7	TRUE	TRUE	FALSE	FALSE	2
RIMS4	TRUE	TRUE	FALSE	FALSE	2
S100A9	TRUE	TRUE	FALSE	FALSE	2
ABCA13	TRUE	TRUE	FALSE	FALSE	2
MIA	TRUE	TRUE	FALSE	FALSE	2
UBASH3B	TRUE	TRUE	FALSE	FALSE	2
CST9	TRUE	TRUE	FALSE	FALSE	2
S100A8	TRUE	TRUE	FALSE	FALSE	2
SLC6A11	TRUE	TRUE	FALSE	FALSE	2
LPO	TRUE	TRUE	FALSE	FALSE	2
TMC5	TRUE	TRUE	FALSE	FALSE	2
KCNK5	TRUE	TRUE	FALSE	FALSE	2
GRIK3	TRUE	TRUE	FALSE	FALSE	2
TCAM1P	TRUE	TRUE	FALSE	FALSE	2
REEP6	TRUE	TRUE	FALSE	FALSE	2
SOX11	TRUE	TRUE	FALSE	FALSE	2
SLC15A2	TRUE	TRUE	FALSE	FALSE	2
KRT6A	TRUE	TRUE	FALSE	FALSE	2
GFRA3	TRUE	TRUE	FALSE	FALSE	2
CRABP1	TRUE	TRUE	FALSE	FALSE	2
SLC30A8	TRUE	TRUE	FALSE	FALSE	2
JAKMIP3	TRUE	TRUE	FALSE	FALSE	2
KCNF1	TRUE	TRUE	FALSE	FALSE	2
PTCHD1	TRUE	TRUE	FALSE	FALSE	2
MUC16	TRUE	TRUE	FALSE	FALSE	2
CDCA7	TRUE	TRUE	FALSE	FALSE	2
SLC26A9	TRUE	TRUE	FALSE	FALSE	2
ZMYND10	TRUE	TRUE	FALSE	FALSE	2
AKR1E2	TRUE	TRUE	FALSE	FALSE	2
GREB1	TRUE	TRUE	FALSE	FALSE	2
BPIL1	TRUE	TRUE	FALSE	FALSE	2
SMOC1	TRUE	TRUE	FALSE	FALSE	2
TLX1	TRUE	TRUE	FALSE	FALSE	2
ACOX2	TRUE	TRUE	FALSE	FALSE	2
CAPN13	TRUE	TRUE	FALSE	FALSE	2
SERPINA5	TRUE	TRUE	FALSE	FALSE	2
SBSN	TRUE	TRUE	FALSE	FALSE	2
PADI2	TRUE	TRUE	FALSE	FALSE	2
DNAJC12	TRUE	TRUE	FALSE	FALSE	2
SLPI	TRUE	TRUE	FALSE	FALSE	2
SEZ6L	TRUE	TRUE	FALSE	FALSE	2
MTHFD1L	TRUE	TRUE	FALSE	FALSE	2
CLEC3A	TRUE	TRUE	FALSE	FALSE	2
RET	TRUE	TRUE	FALSE	FALSE	2
AQP5	TRUE	TRUE	FALSE	FALSE	2
TTYH1	TRUE	TRUE	FALSE	FALSE	2
CCDC74B	TRUE	TRUE	FALSE	FALSE	2
RHCG	TRUE	TRUE	FALSE	FALSE	2
SERPINA6	TRUE	TRUE	FALSE	FALSE	2
ACE2	TRUE	TRUE	FALSE	FALSE	2
KLK5	TRUE	TRUE	FALSE	FALSE	2
PP14571	TRUE	TRUE	FALSE	FALSE	2
ZNF462	TRUE	TRUE	FALSE	FALSE	2
LRRC48	TRUE	TRUE	FALSE	FALSE	2
CHI3L2	TRUE	TRUE	FALSE	FALSE	2
LONRF2	TRUE	TRUE	FALSE	FALSE	2
C19orf21	TRUE	TRUE	FALSE	FALSE	2
MMP1	TRUE	TRUE	FALSE	FALSE	2
KCNS1	TRUE	TRUE	FALSE	FALSE	2
C6orf218	TRUE	TRUE	FALSE	FALSE	2
SERPINB5	TRUE	TRUE	FALSE	FALSE	2
CYP21A2	TRUE	TRUE	FALSE	FALSE	2
CDH3	TRUE	TRUE	FALSE	FALSE	2
TUBA3E	TRUE	TRUE	FALSE	FALSE	2
KCNJ11	TRUE	TRUE	FALSE	FALSE	2
SOX8	TRUE	TRUE	FALSE	FALSE	2
RASAL1	TRUE	TRUE	FALSE	FALSE	2
AGTR1	TRUE	TRUE	FALSE	FALSE	2
RGS11	TRUE	TRUE	FALSE	FALSE	2
CHRM3	TRUE	TRUE	FALSE	FALSE	2
OGN	TRUE	TRUE	FALSE	FALSE	2
CLCN4	TRUE	TRUE	FALSE	FALSE	2
CPA3	TRUE	TRUE	FALSE	FALSE	2
NOVA1	TRUE	TRUE	FALSE	FALSE	2
ATP1A2	TRUE	TRUE	FALSE	FALSE	2
FBN3	TRUE	TRUE	FALSE	FALSE	2
KRT6C	TRUE	TRUE	FALSE	FALSE	2
LPPR3	TRUE	TRUE	FALSE	FALSE	2
OPRK1	TRUE	TRUE	FALSE	FALSE	2
MLXIPL	TRUE	TRUE	FALSE	FALSE	2
STAC2	TRUE	TRUE	FALSE	FALSE	2
FAM19A3	TRUE	TRUE	FALSE	FALSE	2
C1orf106	TRUE	TRUE	FALSE	FALSE	2
PCSK4	TRUE	TRUE	FALSE	FALSE	2
CCKBR	TRUE	TRUE	FALSE	FALSE	2
UBXN10	TRUE	TRUE	FALSE	FALSE	2
KIAA1370	TRUE	TRUE	FALSE	FALSE	2
MFI2	TRUE	TRUE	FALSE	FALSE	2
NCAM2	TRUE	TRUE	FALSE	FALSE	2
ZIC4	TRUE	TRUE	FALSE	FALSE	2
LRRC31	TRUE	TRUE	FALSE	FALSE	2
IL20	TRUE	TRUE	FALSE	FALSE	2
RARRES1	TRUE	TRUE	FALSE	FALSE	2
NOSTRIN	TRUE	TRUE	FALSE	FALSE	2
CPLX1	TRUE	TRUE	FALSE	FALSE	2
SEMA3B	TRUE	TRUE	FALSE	FALSE	2
SMC1B	TRUE	TRUE	FALSE	FALSE	2
FAM83B	TRUE	TRUE	FALSE	FALSE	2
IGDCC3	TRUE	TRUE	FALSE	FALSE	2
MARCO	TRUE	TRUE	FALSE	FALSE	2
ELOVL2	TRUE	TRUE	FALSE	FALSE	2
CAPN6	TRUE	TRUE	FALSE	FALSE	2
C9orf152	TRUE	TRUE	FALSE	FALSE	2
KLK7	TRUE	TRUE	FALSE	FALSE	2
OLAH	TRUE	TRUE	FALSE	FALSE	2
KCNG1	TRUE	TRUE	FALSE	FALSE	2
NXNL2	TRUE	TRUE	FALSE	FALSE	2
DYNLRB2	TRUE	TRUE	FALSE	FALSE	2
SPEF1	TRUE	TRUE	FALSE	FALSE	2
CEACAM6	TRUE	TRUE	FALSE	FALSE	2
ADCY5	TRUE	TRUE	FALSE	FALSE	2
CHST4	TRUE	TRUE	FALSE	FALSE	2
BBOX1	TRUE	TRUE	FALSE	FALSE	2
KCNN4	TRUE	TRUE	FALSE	FALSE	2
LRG1	TRUE	TRUE	FALSE	FALSE	2
ANKRD43	TRUE	TRUE	FALSE	FALSE	2
SHC4	TRUE	TRUE	FALSE	FALSE	2
C20orf26	TRUE	TRUE	FALSE	FALSE	2
ESYT3	TRUE	TRUE	FALSE	FALSE	2
PCP2	TRUE	TRUE	FALSE	FALSE	2
HEPACAM2	TRUE	TRUE	FALSE	FALSE	2
KLK10	TRUE	TRUE	FALSE	FALSE	2
TMEM45B	TRUE	TRUE	FALSE	FALSE	2
CENPW	TRUE	TRUE	FALSE	FALSE	2
SIX3	TRUE	TRUE	FALSE	FALSE	2
LOC389033	TRUE	TRUE	FALSE	FALSE	2
SDR16C5	TRUE	TRUE	FALSE	FALSE	2
CACNA1H	TRUE	TRUE	FALSE	FALSE	2
CYP4F22	TRUE	TRUE	FALSE	FALSE	2
ONECUT2	TRUE	TRUE	FALSE	FALSE	2
HPDL	TRUE	TRUE	FALSE	FALSE	2
CPA4	TRUE	TRUE	FALSE	FALSE	2
BMPR1B	TRUE	TRUE	FALSE	FALSE	2
CENPE	TRUE	TRUE	FALSE	FALSE	2
LCN2	TRUE	TRUE	FALSE	FALSE	2
ABAT	TRUE	TRUE	FALSE	FALSE	2
C15orf59	TRUE	TRUE	FALSE	FALSE	2
PLIN5	TRUE	TRUE	FALSE	FALSE	2
CXCL5	TRUE	TRUE	FALSE	FALSE	2
FERMT1	TRUE	TRUE	FALSE	FALSE	2
UGT2B15	TRUE	TRUE	FALSE	FALSE	2
ZNF552	TRUE	TRUE	FALSE	FALSE	2
GAL	TRUE	TRUE	FALSE	FALSE	2
CACNG4	TRUE	TRUE	FALSE	FALSE	2
TOX3	TRUE	TRUE	FALSE	FALSE	2
KIAA1984	TRUE	TRUE	FALSE	FALSE	2
COL9A3	TRUE	TRUE	FALSE	FALSE	2
TUBA3D	TRUE	TRUE	FALSE	FALSE	2
CYP2A6	TRUE	TRUE	FALSE	FALSE	2
TMSB15B	TRUE	TRUE	FALSE	FALSE	2
STK32B	TRUE	TRUE	FALSE	FALSE	2
SLC26A3	TRUE	TRUE	FALSE	FALSE	2
LAMP3	TRUE	TRUE	FALSE	FALSE	2
MEX3A	TRUE	TRUE	FALSE	FALSE	2
CDH19	TRUE	TRUE	FALSE	FALSE	2
ACTL8	TRUE	TRUE	FALSE	FALSE	2
NMU	TRUE	TRUE	FALSE	FALSE	2
KCNH1	TRUE	TRUE	FALSE	FALSE	2
LRRC26	TRUE	TRUE	FALSE	FALSE	2
THPO	TRUE	TRUE	FALSE	FALSE	2
CHST8	TRUE	TRUE	FALSE	FALSE	2
REEP1	TRUE	TRUE	FALSE	FALSE	2
SLC39A12	TRUE	TRUE	FALSE	FALSE	2
SLC4A8	TRUE	TRUE	FALSE	FALSE	2
RNF182	TRUE	TRUE	FALSE	FALSE	2
INPP4B	TRUE	TRUE	FALSE	FALSE	2
KIF12	TRUE	TRUE	FALSE	FALSE	2
LMO4	TRUE	TRUE	FALSE	FALSE	2
KIF14	TRUE	TRUE	FALSE	FALSE	2
NCCRP1	TRUE	TRUE	FALSE	FALSE	2
TMEM63C	TRUE	TRUE	FALSE	FALSE	2
LOC284233	TRUE	TRUE	FALSE	FALSE	2
DNAH5	TRUE	TRUE	FALSE	FALSE	2
DNAH7	TRUE	TRUE	FALSE	FALSE	2
KRT83	TRUE	TRUE	FALSE	FALSE	2
MKRN3	TRUE	TRUE	FALSE	FALSE	2
CHI3L1	TRUE	TRUE	FALSE	FALSE	2
FBP1	TRUE	TRUE	FALSE	FALSE	2
RTN4RL1	TRUE	TRUE	FALSE	FALSE	2
PRR11	TRUE	TRUE	FALSE	FALSE	2
MUC5B	TRUE	TRUE	FALSE	FALSE	2
CFD	TRUE	TRUE	FALSE	FALSE	2
CA6	TRUE	TRUE	FALSE	FALSE	2
BAIAP3	TRUE	TRUE	FALSE	FALSE	2
OCA2	TRUE	TRUE	FALSE	FALSE	2
DLX6	TRUE	TRUE	FALSE	FALSE	2
LIN7A	TRUE	TRUE	FALSE	FALSE	2
GPR81	TRUE	TRUE	FALSE	FALSE	2
TRPM8	TRUE	TRUE	FALSE	FALSE	2
GDF5	TRUE	TRUE	FALSE	FALSE	2
NCAPG	TRUE	TRUE	FALSE	FALSE	2
S100B	TRUE	TRUE	FALSE	FALSE	2
ABLIM3	TRUE	TRUE	FALSE	FALSE	2
KRT81	TRUE	TRUE	FALSE	FALSE	2
DUSP9	TRUE	TRUE	FALSE	FALSE	2
IGF2BP3	TRUE	TRUE	FALSE	FALSE	2
CXADR	TRUE	TRUE	FALSE	FALSE	2
GSDMC	TRUE	TRUE	FALSE	FALSE	2
LRRC50	TRUE	TRUE	FALSE	FALSE	2
SORCS1	TRUE	TRUE	FALSE	FALSE	2
SYT1	TRUE	TRUE	FALSE	FALSE	2
SLC6A15	TRUE	TRUE	FALSE	FALSE	2
C1QL4	TRUE	TRUE	FALSE	FALSE	2
CYP4F8	TRUE	TRUE	FALSE	FALSE	2
KLK8	TRUE	TRUE	FALSE	FALSE	2
SUSD3	TRUE	TRUE	FALSE	FALSE	2
ULBP1	TRUE	TRUE	FALSE	FALSE	2
PVALB	TRUE	TRUE	FALSE	FALSE	2
RAET1L	TRUE	TRUE	FALSE	FALSE	2
SHROOM1	TRUE	TRUE	FALSE	FALSE	2
TMEM40	TRUE	TRUE	FALSE	FALSE	2
LOC728606	TRUE	TRUE	FALSE	FALSE	2
VSTM2A	TRUE	TRUE	FALSE	FALSE	2
TFAP2B	TRUE	TRUE	FALSE	FALSE	2
UGT2B11	TRUE	TRUE	FALSE	FALSE	2
NKAIN1	TRUE	TRUE	FALSE	FALSE	2
FGFBP1	TRUE	TRUE	FALSE	FALSE	2
CCDC74A	TRUE	TRUE	FALSE	FALSE	2
C19orf51	TRUE	TRUE	FALSE	FALSE	2
NFE2L3	TRUE	TRUE	FALSE	FALSE	2
STC2	TRUE	TRUE	FALSE	FALSE	2
AZU1	TRUE	TRUE	FALSE	FALSE	2
KIF20A	TRUE	TRUE	FALSE	FALSE	2
B3GNT3	TRUE	TRUE	FALSE	FALSE	2
TAT	TRUE	TRUE	FALSE	FALSE	2
ACADSB	TRUE	TRUE	FALSE	FALSE	2
C4A	TRUE	TRUE	FALSE	FALSE	2
RERG	TRUE	TRUE	FALSE	FALSE	2
ZNF695	TRUE	TRUE	FALSE	FALSE	2
DIO1	TRUE	TRUE	FALSE	FALSE	2
C1QL2	TRUE	TRUE	FALSE	FALSE	2
C17orf28	TRUE	TRUE	FALSE	FALSE	2
NEURL	TRUE	TRUE	FALSE	FALSE	2
CYP4X1	TRUE	TRUE	FALSE	FALSE	2
SRRM3	TRUE	TRUE	FALSE	FALSE	2
FUT3	TRUE	TRUE	FALSE	FALSE	2
C6orf15	TRUE	TRUE	FALSE	FALSE	2
MUC15	TRUE	TRUE	FALSE	FALSE	2
LMX1B	TRUE	TRUE	FALSE	FALSE	2
?|90288	TRUE	TRUE	FALSE	FALSE	2
LOC100130148	TRUE	TRUE	FALSE	FALSE	2
SLC6A2	TRUE	TRUE	FALSE	FALSE	2
PLIN1	TRUE	TRUE	FALSE	FALSE	2
SOSTDC1	TRUE	TRUE	FALSE	FALSE	2
MSX2	TRUE	TRUE	FALSE	FALSE	2
C1orf168	TRUE	TRUE	FALSE	FALSE	2
HRASLS	TRUE	TRUE	FALSE	FALSE	2
PCDHB9	TRUE	TRUE	FALSE	FALSE	2
METRN	TRUE	TRUE	FALSE	FALSE	2
NDC80	TRUE	TRUE	FALSE	FALSE	2
GPRIN2	TRUE	TRUE	FALSE	FALSE	2
GPR12	TRUE	TRUE	FALSE	FALSE	2
DSC3	TRUE	TRUE	FALSE	FALSE	2
FAM72A	TRUE	TRUE	FALSE	FALSE	2
CENPF	TRUE	TRUE	FALSE	FALSE	2
CAPN9	TRUE	TRUE	FALSE	FALSE	2
VSNL1	TRUE	TRUE	FALSE	FALSE	2
C11orf86	TRUE	TRUE	FALSE	FALSE	2
SYT17	TRUE	TRUE	FALSE	FALSE	2
TRIM29	TRUE	TRUE	FALSE	FALSE	2
ROBO2	TRUE	TRUE	FALSE	FALSE	2
MAP2	TRUE	TRUE	FALSE	FALSE	2
KCNC2	TRUE	TRUE	FALSE	FALSE	2
GSTM3	TRUE	TRUE	FALSE	FALSE	2
C8orf46	TRUE	TRUE	FALSE	FALSE	2
CYP39A1	TRUE	TRUE	FALSE	FALSE	2
ARL9	TRUE	TRUE	FALSE	FALSE	2
GRM4	TRUE	TRUE	FALSE	FALSE	2
FOXM1	TRUE	TRUE	FALSE	FALSE	2
CP	TRUE	TRUE	FALSE	FALSE	2
LDHD	TRUE	TRUE	FALSE	FALSE	2
S100A7	TRUE	TRUE	FALSE	FALSE	2
GPR160	TRUE	TRUE	FALSE	FALSE	2
MYRIP	TRUE	TRUE	FALSE	FALSE	2
C1orf130	TRUE	TRUE	FALSE	FALSE	2
UPF0639	TRUE	TRUE	FALSE	FALSE	2
GALNT13	TRUE	TRUE	FALSE	FALSE	2
CACNG1	TRUE	TRUE	FALSE	FALSE	2
ATP10B	TRUE	TRUE	FALSE	FALSE	2
C8orf47	TRUE	TRUE	FALSE	FALSE	2
TPSAB1	TRUE	TRUE	FALSE	FALSE	2
MUM1L1	TRUE	TRUE	FALSE	FALSE	2
HJURP	TRUE	TRUE	FALSE	FALSE	2
GSTA1	TRUE	TRUE	FALSE	FALSE	2
ZBTB16	TRUE	TRUE	FALSE	FALSE	2
PALM	TRUE	TRUE	FALSE	FALSE	2
CMYA5	TRUE	TRUE	FALSE	FALSE	2
IDO1	TRUE	TRUE	FALSE	FALSE	2
PPP1R3C	TRUE	TRUE	FALSE	FALSE	2
PRRT3	TRUE	TRUE	FALSE	FALSE	2
DLGAP5	TRUE	TRUE	FALSE	FALSE	2
DEFB132	TRUE	TRUE	FALSE	FALSE	2
TPRXL	TRUE	TRUE	FALSE	FALSE	2
CACNA1D	TRUE	TRUE	FALSE	FALSE	2
C9orf170	TRUE	TRUE	FALSE	FALSE	2
PTGER3	TRUE	TRUE	FALSE	FALSE	2
DNER	TRUE	TRUE	FALSE	FALSE	2
WNT6	TRUE	TRUE	FALSE	FALSE	2
SCUBE1	TRUE	TRUE	FALSE	FALSE	2
ADAMTSL5	TRUE	TRUE	FALSE	FALSE	2
GLYATL2	TRUE	TRUE	FALSE	FALSE	2
RGMA	TRUE	TRUE	FALSE	FALSE	2
CDKN2A	TRUE	TRUE	FALSE	FALSE	2
RCOR2	TRUE	TRUE	FALSE	FALSE	2
GPRC5C	TRUE	TRUE	FALSE	FALSE	2
CXADRP3	TRUE	TRUE	FALSE	FALSE	2
SOX6	TRUE	TRUE	FALSE	FALSE	2
FAM196A	TRUE	TRUE	FALSE	FALSE	2
KRT23	TRUE	TRUE	FALSE	FALSE	2
C16orf45	TRUE	TRUE	FALSE	FALSE	2
WDR65	TRUE	TRUE	FALSE	FALSE	2
SLC39A6	TRUE	TRUE	FALSE	FALSE	2
NPAS1	TRUE	TRUE	FALSE	FALSE	2
SLC7A5	TRUE	TRUE	FALSE	FALSE	2
CENPI	TRUE	TRUE	FALSE	FALSE	2
DEPDC1	TRUE	TRUE	FALSE	FALSE	2
NCRNA00092	TRUE	TRUE	FALSE	FALSE	2
KCNQ4	TRUE	TRUE	FALSE	FALSE	2
MCM10	TRUE	TRUE	FALSE	FALSE	2
SLC40A1	TRUE	TRUE	FALSE	FALSE	2
PLEKHG4B	TRUE	TRUE	FALSE	FALSE	2
CDC20	TRUE	TRUE	FALSE	FALSE	2
MYB	TRUE	TRUE	FALSE	FALSE	2
NXPH3	TRUE	TRUE	FALSE	FALSE	2
ADH1B	TRUE	TRUE	FALSE	FALSE	2
CCDC129	TRUE	TRUE	FALSE	FALSE	2
IGF2BP2	TRUE	TRUE	FALSE	FALSE	2
ABTB2	TRUE	TRUE	FALSE	FALSE	2
CBS	TRUE	TRUE	FALSE	FALSE	2
MAG	TRUE	TRUE	FALSE	FALSE	2
LOC100127888	TRUE	TRUE	FALSE	FALSE	2
PLA2G10	TRUE	TRUE	FALSE	FALSE	2
CCDC78	TRUE	TRUE	FALSE	FALSE	2
BCL2L14	TRUE	TRUE	FALSE	FALSE	2
RBM24	TRUE	TRUE	FALSE	FALSE	2
FAM3D	TRUE	TRUE	FALSE	FALSE	2
LOC84856	TRUE	TRUE	FALSE	FALSE	2
SCNN1A	TRUE	TRUE	FALSE	FALSE	2
PART1	TRUE	TRUE	FALSE	FALSE	2
RLBP1	TRUE	TRUE	FALSE	FALSE	2
MS4A2	TRUE	TRUE	FALSE	FALSE	2
GBP5	TRUE	TRUE	FALSE	FALSE	2
MAGED2	TRUE	TRUE	FALSE	FALSE	2
TRH	TRUE	TRUE	FALSE	FALSE	2
LOC100128977	TRUE	TRUE	FALSE	FALSE	2
CCL18	TRUE	TRUE	FALSE	FALSE	2
GPR98	TRUE	TRUE	FALSE	FALSE	2
SKA3	TRUE	TRUE	FALSE	FALSE	2
CHRDL2	TRUE	TRUE	FALSE	FALSE	2
CDC20B	TRUE	TRUE	FALSE	FALSE	2
TPX2	TRUE	TRUE	FALSE	FALSE	2
ATP6V1C2	TRUE	TRUE	FALSE	FALSE	2
CCDC67	TRUE	TRUE	FALSE	FALSE	2
LOC283174	TRUE	TRUE	FALSE	FALSE	2
NME5	TRUE	TRUE	FALSE	FALSE	2
RASGEF1C	TRUE	TRUE	FALSE	FALSE	2
NIPAL1	TRUE	TRUE	FALSE	FALSE	2
PNMA3	TRUE	TRUE	FALSE	FALSE	2
KCND3	TRUE	TRUE	FALSE	FALSE	2
MPP6	TRUE	TRUE	FALSE	FALSE	2
CYP27C1	TRUE	TRUE	FALSE	FALSE	2
C9orf98	TRUE	TRUE	FALSE	FALSE	2
SPIB	TRUE	TRUE	FALSE	FALSE	2
CCL20	TRUE	TRUE	FALSE	FALSE	2
ADRA2C	TRUE	TRUE	FALSE	FALSE	2
KLHDC9	TRUE	TRUE	FALSE	FALSE	2
FAM57B	TRUE	TRUE	FALSE	FALSE	2
SULT1A2	TRUE	TRUE	FALSE	FALSE	2
SCN7A	TRUE	TRUE	FALSE	FALSE	2
MYBL2	TRUE	TRUE	FALSE	FALSE	2
LYPD6	TRUE	TRUE	FALSE	FALSE	2
DEFB1	TRUE	TRUE	FALSE	FALSE	2
OTX1	TRUE	TRUE	FALSE	FALSE	2
CXCL1	TRUE	TRUE	FALSE	FALSE	2
CHRNA5	TRUE	TRUE	FALSE	FALSE	2
PHYHD1	TRUE	TRUE	FALSE	FALSE	2
KIAA1467	TRUE	TRUE	FALSE	FALSE	2
ANLN	TRUE	TRUE	FALSE	FALSE	2
C9orf169	TRUE	TRUE	FALSE	FALSE	2
HRASLS2	TRUE	TRUE	FALSE	FALSE	2
SLC16A10	TRUE	TRUE	FALSE	FALSE	2
CLGN	TRUE	TRUE	FALSE	FALSE	2
ASTN2	TRUE	TRUE	FALSE	FALSE	2
ANXA8	TRUE	TRUE	FALSE	FALSE	2
MAGEB4	TRUE	TRUE	FALSE	FALSE	2
CXCL14	TRUE	TRUE	FALSE	FALSE	2
UNC5A	TRUE	TRUE	FALSE	FALSE	2
ENTPD8	TRUE	TRUE	FALSE	FALSE	2
CHRM1	TRUE	TRUE	FALSE	FALSE	2
PCDH8	TRUE	TRUE	FALSE	FALSE	2
NXPH1	TRUE	TRUE	FALSE	FALSE	2
CCDC40	TRUE	TRUE	FALSE	FALSE	2
GCNT2	TRUE	TRUE	FALSE	FALSE	2
KIF2C	TRUE	TRUE	FALSE	FALSE	2
MATN4	TRUE	TRUE	FALSE	FALSE	2
HGD	TRUE	TRUE	FALSE	FALSE	2
TRPV6	TRUE	TRUE	FALSE	FALSE	2
PAX2	TRUE	TRUE	FALSE	FALSE	2
CASC1	TRUE	TRUE	FALSE	FALSE	2
C1orf173	TRUE	TRUE	FALSE	FALSE	2
TPSB2	TRUE	TRUE	FALSE	FALSE	2
SLCO5A1	TRUE	TRUE	FALSE	FALSE	2
COCH	TRUE	TRUE	FALSE	FALSE	2
PNPLA7	TRUE	TRUE	FALSE	FALSE	2
IGSF9B	TRUE	TRUE	FALSE	FALSE	2
STX19	TRUE	TRUE	FALSE	FALSE	2
FMO5	TRUE	TRUE	FALSE	FALSE	2
ADIPOQ	TRUE	TRUE	FALSE	FALSE	2
ATP1A4	TRUE	TRUE	FALSE	FALSE	2
KCNE4	TRUE	TRUE	FALSE	FALSE	2
ZG16B	TRUE	TRUE	FALSE	FALSE	2
RAB26	TRUE	TRUE	FALSE	FALSE	2
IL6ST	TRUE	TRUE	FALSE	FALSE	2
RND1	TRUE	TRUE	FALSE	FALSE	2
DOK7	TRUE	TRUE	FALSE	FALSE	2
MUCL1	TRUE	TRUE	FALSE	FALSE	2
HRCT1	TRUE	TRUE	FALSE	FALSE	2
CDCA8	TRUE	TRUE	FALSE	FALSE	2
COL22A1	TRUE	TRUE	FALSE	FALSE	2
GPR126	TRUE	TRUE	FALSE	FALSE	2
CCNO	TRUE	TRUE	FALSE	FALSE	2
EMX1	TRUE	TRUE	FALSE	FALSE	2
RGL3	TRUE	TRUE	FALSE	FALSE	2
MS4A8B	TRUE	TRUE	FALSE	FALSE	2
TRIM2	TRUE	TRUE	FALSE	FALSE	2
ST8SIA1	TRUE	TRUE	FALSE	FALSE	2
ORM2	TRUE	TRUE	FALSE	FALSE	2
GJB6	TRUE	TRUE	FALSE	FALSE	2
AKR7L	TRUE	TRUE	FALSE	FALSE	2
TUSC5	TRUE	TRUE	FALSE	FALSE	2
FAM198B	TRUE	TRUE	FALSE	FALSE	2
PLA2G4F	TRUE	TRUE	FALSE	FALSE	2
SLC27A2	TRUE	TRUE	FALSE	FALSE	2
TAF4B	TRUE	TRUE	FALSE	FALSE	2
CLDN6	TRUE	TRUE	FALSE	FALSE	2
TMEM84	TRUE	TRUE	FALSE	FALSE	2
C10orf90	TRUE	TRUE	FALSE	FALSE	2
LRP2	TRUE	TRUE	FALSE	FALSE	2
BAIAP2L2	TRUE	TRUE	FALSE	FALSE	2
SLC7A4	TRUE	TRUE	FALSE	FALSE	2
PHGR1	TRUE	TRUE	FALSE	FALSE	2
LYPD6B	TRUE	TRUE	FALSE	FALSE	2
CEP55	TRUE	TRUE	FALSE	FALSE	2
TRIM58	TRUE	TRUE	FALSE	FALSE	2
HPN	TRUE	TRUE	FALSE	FALSE	2
LRRC46	TRUE	TRUE	FALSE	FALSE	2
ADCY1	TRUE	TRUE	FALSE	FALSE	2
NRTN	TRUE	TRUE	FALSE	FALSE	2
CBX2	TRUE	TRUE	FALSE	FALSE	2
VIPR2	TRUE	TRUE	FALSE	FALSE	2
MAST4	TRUE	TRUE	FALSE	FALSE	2
HSD17B2	TRUE	TRUE	FALSE	FALSE	2
PTPRN2	TRUE	TRUE	FALSE	FALSE	2
COL11A2	TRUE	TRUE	FALSE	FALSE	2
CLIC6	TRUE	TRUE	FALSE	FALSE	2
SYNPO2L	TRUE	TRUE	FALSE	FALSE	2
EVL	TRUE	TRUE	FALSE	FALSE	2
PGBD5	TRUE	TRUE	FALSE	FALSE	2
PTX3	TRUE	TRUE	FALSE	FALSE	2
C19orf33	TRUE	TRUE	FALSE	FALSE	2
PHGDH	TRUE	TRUE	FALSE	FALSE	2
RPH3AL	TRUE	TRUE	FALSE	FALSE	2
PM20D2	TRUE	TRUE	FALSE	FALSE	2
NEK5	TRUE	TRUE	FALSE	FALSE	2
GPIHBP1	TRUE	TRUE	FALSE	FALSE	2
S100A2	TRUE	TRUE	FALSE	FALSE	2
CALML5	TRUE	TRUE	FALSE	FALSE	2
HDC	TRUE	TRUE	FALSE	FALSE	2
NEIL3	TRUE	TRUE	FALSE	FALSE	2
ANKRD45	TRUE	TRUE	FALSE	FALSE	2
SYTL2	TRUE	TRUE	FALSE	FALSE	2
BAI2	TRUE	TRUE	FALSE	FALSE	2
CYP4F11	TRUE	TRUE	FALSE	FALSE	2
ADRA2A	TRUE	TRUE	FALSE	FALSE	2
ANXA8L2	TRUE	TRUE	FALSE	FALSE	2
C10orf93	TRUE	TRUE	FALSE	FALSE	2
AMBP	TRUE	TRUE	FALSE	FALSE	2
CCL7	TRUE	TRUE	FALSE	FALSE	2
MAGEA4	TRUE	TRUE	FALSE	FALSE	2
SLC6A17	TRUE	TRUE	FALSE	FALSE	2
C21orf15	TRUE	TRUE	FALSE	FALSE	2
KBTBD12	TRUE	TRUE	FALSE	FALSE	2
FIGN	TRUE	TRUE	FALSE	FALSE	2
C6orf211	TRUE	TRUE	FALSE	FALSE	2
CRAT	TRUE	TRUE	FALSE	FALSE	2
SERHL2	TRUE	TRUE	FALSE	FALSE	2
DKK1	TRUE	TRUE	FALSE	FALSE	2
AKR1B15	TRUE	TRUE	FALSE	FALSE	2
ACSM5	TRUE	TRUE	FALSE	FALSE	2
CWH43	TRUE	TRUE	FALSE	FALSE	2
KRT17	TRUE	TRUE	FALSE	FALSE	2
COL9A1	TRUE	TRUE	FALSE	FALSE	2
C14orf174	TRUE	TRUE	FALSE	FALSE	2
GZMB	TRUE	TRUE	FALSE	FALSE	2
SRMS	TRUE	TRUE	FALSE	FALSE	2
ABCA8	TRUE	TRUE	FALSE	FALSE	2
RSPH1	TRUE	TRUE	FALSE	FALSE	2
MAP7D2	TRUE	TRUE	FALSE	FALSE	2
DIAPH3	TRUE	TRUE	FALSE	FALSE	2
AMTN	TRUE	TRUE	FALSE	FALSE	2
PCSK1N	TRUE	TRUE	FALSE	FALSE	2
RANBP3L	TRUE	TRUE	FALSE	FALSE	2
ABCC13	TRUE	TRUE	FALSE	FALSE	2
ST8SIA6	TRUE	TRUE	FALSE	FALSE	2
C5orf46	TRUE	TRUE	FALSE	FALSE	2
BCAM	TRUE	TRUE	FALSE	FALSE	2
OBP2B	TRUE	TRUE	FALSE	FALSE	2
SCGB2A1	TRUE	TRUE	FALSE	FALSE	2
FOLR1	TRUE	TRUE	FALSE	FALSE	2
PLAC9	TRUE	TRUE	FALSE	FALSE	2
CAMKV	TRUE	TRUE	FALSE	FALSE	2
FAM72B	TRUE	TRUE	FALSE	FALSE	2
UBE2C	TRUE	TRUE	FALSE	FALSE	2
CXCL10	TRUE	TRUE	FALSE	FALSE	2
FGF10	TRUE	TRUE	FALSE	FALSE	2
ADAM33	TRUE	TRUE	FALSE	FALSE	2
HR	TRUE	TRUE	FALSE	FALSE	2
NHLRC4	TRUE	TRUE	FALSE	FALSE	2
SEPT3	TRUE	TRUE	FALSE	FALSE	2
GRIK4	TRUE	TRUE	FALSE	FALSE	2
GALNT6	TRUE	TRUE	FALSE	FALSE	2
FSTL4	TRUE	TRUE	FALSE	FALSE	2
C1QTNF7	TRUE	TRUE	FALSE	FALSE	2
DPYSL5	TRUE	TRUE	FALSE	FALSE	2
CSN3	TRUE	TRUE	FALSE	FALSE	2
PAX9	TRUE	TRUE	FALSE	FALSE	2
HS6ST3	TRUE	TRUE	FALSE	FALSE	2
C16orf89	TRUE	TRUE	FALSE	FALSE	2
THRSP	TRUE	TRUE	FALSE	FALSE	2
PRSS12	TRUE	TRUE	FALSE	FALSE	2
KRT5	TRUE	TRUE	FALSE	FALSE	2
FAM64A	TRUE	TRUE	FALSE	FALSE	2
HAO1	TRUE	TRUE	FALSE	FALSE	2
LOC100124692	TRUE	TRUE	FALSE	FALSE	2
CXCL13	TRUE	TRUE	FALSE	FALSE	2
THBS4	TRUE	TRUE	FALSE	FALSE	2
ABCA12	TRUE	TRUE	FALSE	FALSE	2
SGOL1	TRUE	TRUE	FALSE	FALSE	2
C5orf49	TRUE	TRUE	FALSE	FALSE	2
CTSG	TRUE	TRUE	FALSE	FALSE	2
NPNT	TRUE	TRUE	FALSE	FALSE	2
BTNL9	TRUE	TRUE	FALSE	FALSE	2
SLC38A3	TRUE	TRUE	FALSE	FALSE	2
CDC25A	TRUE	TRUE	FALSE	FALSE	2
FOXG1	TRUE	TRUE	FALSE	FALSE	2
TTC22	TRUE	TRUE	FALSE	FALSE	2
MELK	TRUE	TRUE	FALSE	FALSE	2
MSL3L2	TRUE	TRUE	FALSE	FALSE	2
SLC6A4	TRUE	TRUE	FALSE	FALSE	2
LIPE	TRUE	TRUE	FALSE	FALSE	2
TMEM145	TRUE	TRUE	FALSE	FALSE	2
CCNB2	TRUE	TRUE	FALSE	FALSE	2
KIF5C	TRUE	TRUE	FALSE	FALSE	2
C6orf223	TRUE	TRUE	FALSE	FALSE	2
TBX3	TRUE	TRUE	FALSE	FALSE	2
ARNTL2	TRUE	TRUE	FALSE	FALSE	2
CR2	TRUE	TRUE	FALSE	FALSE	2
CACNA1F	TRUE	TRUE	FALSE	FALSE	2
EFCAB6	TRUE	TRUE	FALSE	FALSE	2
HLA-DOB	TRUE	TRUE	FALSE	FALSE	2
PLIN4	TRUE	TRUE	FALSE	FALSE	2
ATP7B	TRUE	TRUE	FALSE	FALSE	2
EXO1	TRUE	TRUE	FALSE	FALSE	2
ADD2	TRUE	TRUE	FALSE	FALSE	2
GATA2	TRUE	TRUE	FALSE	FALSE	2
SEC14L4	TRUE	TRUE	FALSE	FALSE	2
APOF	TRUE	TRUE	FALSE	FALSE	2
LOC645323	TRUE	TRUE	FALSE	FALSE	2
GTSE1	TRUE	TRUE	FALSE	FALSE	2
C15orf42	TRUE	TRUE	FALSE	FALSE	2
LAD1	TRUE	TRUE	FALSE	FALSE	2
IL8	TRUE	TRUE	FALSE	FALSE	2
AQP7	TRUE	TRUE	FALSE	FALSE	2
CRYAB	TRUE	TRUE	FALSE	FALSE	2
LIPG	TRUE	TRUE	FALSE	FALSE	2
CITED1	TRUE	TRUE	FALSE	FALSE	2
PREX1	TRUE	TRUE	FALSE	FALSE	2
ANKRD24	TRUE	TRUE	FALSE	FALSE	2
ADAMDEC1	TRUE	TRUE	FALSE	FALSE	2
FABP4	TRUE	TRUE	FALSE	FALSE	2
S100A1	TRUE	TRUE	FALSE	FALSE	2
VTCN1	TRUE	TRUE	FALSE	FALSE	2
SLITRK6	TRUE	TRUE	FALSE	FALSE	2
GPR156	TRUE	TRUE	FALSE	FALSE	2
FANCA	TRUE	TRUE	FALSE	FALSE	2
SERPINB7	TRUE	TRUE	FALSE	FALSE	2
NOL4	TRUE	TRUE	FALSE	FALSE	2
GREB1L	TRUE	TRUE	FALSE	FALSE	2
RAB30	TRUE	TRUE	FALSE	FALSE	2
CST5	TRUE	TRUE	FALSE	FALSE	2
TMCC2	TRUE	TRUE	FALSE	FALSE	2
SMPD3	TRUE	TRUE	FALSE	FALSE	2
AQP9	TRUE	TRUE	FALSE	FALSE	2
LRP8	TRUE	TRUE	FALSE	FALSE	2
C4orf32	TRUE	TRUE	FALSE	FALSE	2
CELF4	TRUE	TRUE	FALSE	FALSE	2
FAT3	TRUE	TRUE	TRUE	FALSE	3
WDR93	TRUE	TRUE	FALSE	FALSE	2
TMEM26	TRUE	TRUE	FALSE	FALSE	2
PAPL	TRUE	TRUE	FALSE	FALSE	2
CBLN4	TRUE	TRUE	FALSE	FALSE	2
LOC100188947	TRUE	TRUE	FALSE	FALSE	2
RP1	TRUE	TRUE	FALSE	FALSE	2
TFCP2L1	TRUE	TRUE	FALSE	FALSE	2
CD300LG	TRUE	TRUE	FALSE	FALSE	2
WISP2	TRUE	TRUE	FALSE	FALSE	2
DPY19L2P4	TRUE	TRUE	FALSE	FALSE	2
GIPR	TRUE	TRUE	FALSE	FALSE	2
NIPAL4	TRUE	TRUE	FALSE	FALSE	2
LOC121838	TRUE	TRUE	FALSE	FALSE	2
DDN	TRUE	TRUE	FALSE	FALSE	2
DSG3	TRUE	TRUE	FALSE	FALSE	2
CNTNAP2	TRUE	TRUE	FALSE	FALSE	2
RGR	TRUE	TRUE	FALSE	FALSE	2
C10orf79	TRUE	TRUE	FALSE	FALSE	2
CTTNBP2	TRUE	TRUE	FALSE	FALSE	2
RAPGEF3	TRUE	TRUE	FALSE	FALSE	2
MEIS3	TRUE	TRUE	FALSE	FALSE	2
BCL2	TRUE	TRUE	FALSE	FALSE	2
SKA1	TRUE	TRUE	FALSE	FALSE	2
ACSM1	TRUE	TRUE	FALSE	FALSE	2
SCN2B	TRUE	TRUE	FALSE	FALSE	2
ORC1L	TRUE	TRUE	FALSE	FALSE	2
PFKFB1	TRUE	TRUE	FALSE	FALSE	2
BIRC5	TRUE	TRUE	FALSE	FALSE	2
LOC286467	TRUE	TRUE	FALSE	FALSE	2
SHC2	TRUE	TRUE	FALSE	FALSE	2
KIF15	TRUE	TRUE	FALSE	FALSE	2
NAV3	TRUE	TRUE	FALSE	FALSE	2
DGCR5	TRUE	TRUE	FALSE	FALSE	2
TMEM71	TRUE	TRUE	FALSE	FALSE	2
TNXB	TRUE	TRUE	FALSE	FALSE	2
RALGPS2	TRUE	TRUE	FALSE	FALSE	2
SAMD11	TRUE	TRUE	FALSE	FALSE	2
ULBP2	TRUE	TRUE	FALSE	FALSE	2
CHST6	TRUE	TRUE	FALSE	FALSE	2
CELSR1	TRUE	TRUE	FALSE	FALSE	2
LOC645431	TRUE	TRUE	FALSE	FALSE	2
LFNG	TRUE	TRUE	FALSE	FALSE	2
RDH10	TRUE	TRUE	FALSE	FALSE	2
TMEM158	TRUE	TRUE	FALSE	FALSE	2
C7orf63	TRUE	TRUE	FALSE	FALSE	2
POLN	TRUE	TRUE	FALSE	FALSE	2
NPM2	TRUE	TRUE	FALSE	FALSE	2
CD38	TRUE	TRUE	FALSE	FALSE	2
FAM184B	TRUE	TRUE	FALSE	FALSE	2
KLHDC7B	TRUE	TRUE	FALSE	FALSE	2
C3orf15	TRUE	TRUE	FALSE	FALSE	2
FAM134B	TRUE	TRUE	FALSE	FALSE	2
GPD1	TRUE	TRUE	FALSE	FALSE	2
NUF2	TRUE	TRUE	FALSE	FALSE	2
ZNF280B	TRUE	TRUE	FALSE	FALSE	2
C4orf31	TRUE	TRUE	FALSE	FALSE	2
BCL2A1	TRUE	TRUE	FALSE	FALSE	2
ITIH5L	TRUE	TRUE	FALSE	FALSE	2
PRSS3	TRUE	TRUE	FALSE	FALSE	2
C9orf116	TRUE	TRUE	FALSE	FALSE	2
RAI2	TRUE	TRUE	FALSE	FALSE	2
FAM72D	TRUE	TRUE	FALSE	FALSE	2
KLF5	TRUE	TRUE	FALSE	FALSE	2
NKX2-5	TRUE	TRUE	FALSE	FALSE	2
GNG4	TRUE	TRUE	FALSE	FALSE	2
SYTL4	TRUE	TRUE	FALSE	FALSE	2
C16orf71	TRUE	TRUE	FALSE	FALSE	2
CLSPN	TRUE	TRUE	FALSE	FALSE	2
MPV17L	TRUE	TRUE	FALSE	FALSE	2
RASD2	TRUE	TRUE	FALSE	FALSE	2
HSPB8	TRUE	TRUE	FALSE	FALSE	2
PNMT	TRUE	TRUE	FALSE	FALSE	2
DEPDC1B	TRUE	TRUE	FALSE	FALSE	2
GPR158	TRUE	TRUE	FALSE	FALSE	2
TLX3	TRUE	TRUE	FALSE	FALSE	2
PCK1	TRUE	TRUE	FALSE	FALSE	2
MID1	TRUE	TRUE	FALSE	FALSE	2
OXGR1	TRUE	TRUE	FALSE	FALSE	2
PLA2G4A	TRUE	TRUE	FALSE	FALSE	2
MATN3	TRUE	TRUE	FALSE	FALSE	2
HOXB2	TRUE	TRUE	FALSE	FALSE	2
C20orf103	TRUE	TRUE	FALSE	FALSE	2
HRASLS5	TRUE	TRUE	FALSE	FALSE	2
LOC100190938	TRUE	TRUE	FALSE	FALSE	2
ROPN1L	TRUE	TRUE	FALSE	FALSE	2
LRFN2	TRUE	TRUE	FALSE	FALSE	2
KERA	TRUE	TRUE	FALSE	FALSE	2
RAB27B	TRUE	TRUE	FALSE	FALSE	2
VAV3	TRUE	TRUE	FALSE	FALSE	2
UCHL1	TRUE	TRUE	FALSE	FALSE	2
PCDH19	TRUE	TRUE	FALSE	FALSE	2
SH2D2A	TRUE	TRUE	FALSE	FALSE	2
BMP4	TRUE	TRUE	FALSE	FALSE	2
C4orf40	TRUE	TRUE	FALSE	FALSE	2
COL4A6	TRUE	TRUE	FALSE	FALSE	2
LOC284276	TRUE	TRUE	FALSE	FALSE	2
SH3GL3	TRUE	TRUE	FALSE	FALSE	2
TMEM132C	TRUE	TRUE	FALSE	FALSE	2
GLS2	TRUE	TRUE	FALSE	FALSE	2
IRS1	TRUE	TRUE	FALSE	FALSE	2
AIF1L	TRUE	TRUE	FALSE	FALSE	2
TLE6	TRUE	TRUE	FALSE	FALSE	2
MT1H	TRUE	TRUE	FALSE	FALSE	2
CNGA1	TRUE	TRUE	FALSE	FALSE	2
GNMT	TRUE	TRUE	FALSE	FALSE	2
OMD	TRUE	TRUE	FALSE	FALSE	2
GPC2	TRUE	TRUE	FALSE	FALSE	2
LIN28B	TRUE	TRUE	FALSE	FALSE	2
CDC45	TRUE	TRUE	FALSE	FALSE	2
SULT2B1	TRUE	TRUE	FALSE	FALSE	2
CCL14	TRUE	TRUE	FALSE	FALSE	2
STON2	TRUE	TRUE	FALSE	FALSE	2
AFP	TRUE	TRUE	FALSE	FALSE	2
NR2E1	TRUE	TRUE	FALSE	FALSE	2
ODAM	TRUE	TRUE	FALSE	FALSE	2
NRK	TRUE	TRUE	FALSE	FALSE	2
CRHR1	TRUE	TRUE	FALSE	FALSE	2
FOSL1	TRUE	TRUE	FALSE	FALSE	2
C3orf57	TRUE	TRUE	FALSE	FALSE	2
KRT9	TRUE	TRUE	FALSE	FALSE	2
LOC153328	TRUE	TRUE	FALSE	FALSE	2
E2F2	TRUE	TRUE	FALSE	FALSE	2
SVOPL	TRUE	TRUE	FALSE	FALSE	2
LOC93432	TRUE	TRUE	FALSE	FALSE	2
ZNF385B	TRUE	TRUE	FALSE	FALSE	2
E2F8	TRUE	TRUE	FALSE	FALSE	2
TMEM171	TRUE	TRUE	FALSE	FALSE	2
KIF4A	TRUE	TRUE	FALSE	FALSE	2
TTC39A	TRUE	TRUE	FALSE	FALSE	2
UBD	TRUE	TRUE	FALSE	FALSE	2
KNDC1	TRUE	TRUE	FALSE	FALSE	2
NBPF4	TRUE	TRUE	FALSE	FALSE	2
GRIA1	TRUE	TRUE	FALSE	FALSE	2
SRCIN1	TRUE	TRUE	FALSE	FALSE	2
CTNND2	TRUE	TRUE	FALSE	FALSE	2
RHBDL1	TRUE	TRUE	FALSE	FALSE	2
LOC285629	TRUE	TRUE	FALSE	FALSE	2
PSORS1C2	TRUE	TRUE	FALSE	FALSE	2
STARD10	TRUE	TRUE	FALSE	FALSE	2
IL34	TRUE	TRUE	FALSE	FALSE	2
FAM54A	TRUE	TRUE	FALSE	FALSE	2
KIF18B	TRUE	TRUE	FALSE	FALSE	2
NTN4	TRUE	TRUE	FALSE	FALSE	2
ORC6L	TRUE	TRUE	FALSE	FALSE	2
GSTP1	TRUE	TRUE	FALSE	FALSE	2
FAM83D	TRUE	TRUE	FALSE	FALSE	2
NPC1L1	TRUE	TRUE	FALSE	FALSE	2
KIAA1377	TRUE	TRUE	FALSE	FALSE	2
FMO6P	TRUE	TRUE	FALSE	FALSE	2
MND1	TRUE	TRUE	FALSE	FALSE	2
PIF1	TRUE	TRUE	FALSE	FALSE	2
CHAC1	TRUE	TRUE	FALSE	FALSE	2
MAGEA6	TRUE	TRUE	FALSE	FALSE	2
EFNA5	TRUE	TRUE	FALSE	FALSE	2
DHDPSL	TRUE	TRUE	FALSE	FALSE	2
SPAG17	TRUE	TRUE	FALSE	FALSE	2
ITGB8	TRUE	TRUE	FALSE	FALSE	2
GGH	TRUE	TRUE	FALSE	FALSE	2
KCNMA1	TRUE	TRUE	FALSE	FALSE	2
LRRN4CL	TRUE	TRUE	FALSE	FALSE	2
CXCL11	TRUE	TRUE	FALSE	FALSE	2
FAM83E	TRUE	TRUE	FALSE	FALSE	2
ECEL1	TRUE	TRUE	FALSE	FALSE	2
GRP	TRUE	TRUE	FALSE	FALSE	2
APBA2	TRUE	TRUE	FALSE	FALSE	2
PGLYRP4	TRUE	TRUE	FALSE	FALSE	2
MS4A15	TRUE	TRUE	FALSE	FALSE	2
CDCA3	TRUE	TRUE	FALSE	FALSE	2
MFSD7	TRUE	TRUE	FALSE	FALSE	2
PTGS2	TRUE	TRUE	FALSE	FALSE	2
XK	TRUE	TRUE	FALSE	FALSE	2
MMEL1	TRUE	TRUE	FALSE	FALSE	2
BARX1	TRUE	TRUE	FALSE	FALSE	2
SLC23A1	TRUE	TRUE	FALSE	FALSE	2
LOC113230	TRUE	TRUE	FALSE	FALSE	2
SLC7A13	TRUE	TRUE	FALSE	FALSE	2
MAP3K1	TRUE	FALSE	TRUE	FALSE	2
C14orf132	TRUE	TRUE	FALSE	FALSE	2
RAD54L	TRUE	TRUE	FALSE	FALSE	2
TIMP4	TRUE	TRUE	FALSE	FALSE	2
AREG	TRUE	TRUE	FALSE	FALSE	2
GPR19	TRUE	TRUE	FALSE	FALSE	2
TGFA	TRUE	TRUE	FALSE	FALSE	2
SLC28A1	TRUE	TRUE	FALSE	FALSE	2
TTC18	TRUE	TRUE	FALSE	FALSE	2
MPP2	TRUE	TRUE	FALSE	FALSE	2
DNAI1	TRUE	TRUE	FALSE	FALSE	2
SYT8	TRUE	TRUE	FALSE	FALSE	2
RASGRF1	TRUE	TRUE	FALSE	FALSE	2
FBXO15	TRUE	TRUE	FALSE	FALSE	2
TMEM74	TRUE	TRUE	FALSE	FALSE	2
TDO2	TRUE	TRUE	FALSE	FALSE	2
RGS20	TRUE	TRUE	FALSE	FALSE	2
FLRT3	TRUE	TRUE	FALSE	FALSE	2
SEMA3C	TRUE	TRUE	FALSE	FALSE	2
TNN	TRUE	TRUE	FALSE	FALSE	2
CGA	TRUE	TRUE	FALSE	FALSE	2
EGR3	TRUE	TRUE	FALSE	FALSE	2
KIAA1324	TRUE	TRUE	FALSE	FALSE	2
IGF1R	TRUE	TRUE	FALSE	FALSE	2
LOC284578	TRUE	TRUE	FALSE	FALSE	2
SIGLEC15	TRUE	TRUE	FALSE	FALSE	2
ABCC6	TRUE	TRUE	FALSE	FALSE	2
CAMK2B	TRUE	TRUE	FALSE	FALSE	2
MAGEA3	TRUE	TRUE	FALSE	FALSE	2
KLHL34	TRUE	TRUE	FALSE	FALSE	2
C9orf68	TRUE	TRUE	FALSE	FALSE	2
MUC6	TRUE	TRUE	FALSE	FALSE	2
TMEM232	TRUE	TRUE	FALSE	FALSE	2
MICALCL	TRUE	TRUE	FALSE	FALSE	2
KRT86	TRUE	TRUE	FALSE	FALSE	2
VWA2	TRUE	TRUE	FALSE	FALSE	2
GLIPR1L2	TRUE	TRUE	FALSE	FALSE	2
MAST1	TRUE	TRUE	FALSE	FALSE	2
C7	TRUE	TRUE	FALSE	FALSE	2
ATP6V0A4	TRUE	TRUE	FALSE	FALSE	2
L1CAM	TRUE	TRUE	FALSE	FALSE	2
IL1F5	TRUE	TRUE	FALSE	FALSE	2
CHN2	TRUE	TRUE	FALSE	FALSE	2
MYT1	TRUE	TRUE	FALSE	FALSE	2
KIFC1	TRUE	TRUE	FALSE	FALSE	2
CST4	TRUE	TRUE	FALSE	FALSE	2
NPY1R	TRUE	TRUE	FALSE	FALSE	2
IQUB	TRUE	TRUE	FALSE	FALSE	2
RSPO4	TRUE	TRUE	FALSE	FALSE	2
ZFP57	TRUE	TRUE	FALSE	FALSE	2
CBFA2T3	TRUE	TRUE	FALSE	FALSE	2
GLDC	TRUE	TRUE	FALSE	FALSE	2
ITPR1	TRUE	TRUE	FALSE	FALSE	2
CST2	TRUE	TRUE	FALSE	FALSE	2
SERPINB2	TRUE	TRUE	FALSE	FALSE	2
SEMA3E	TRUE	TRUE	FALSE	FALSE	2
ZFP42	TRUE	TRUE	FALSE	FALSE	2
PALM2	TRUE	TRUE	FALSE	FALSE	2
PGM5	TRUE	TRUE	FALSE	FALSE	2
CKAP2L	TRUE	TRUE	FALSE	FALSE	2
HRC	TRUE	TRUE	FALSE	FALSE	2
DMRT1	TRUE	TRUE	FALSE	FALSE	2
IL2RA	TRUE	TRUE	FALSE	FALSE	2
TCF7L1	TRUE	TRUE	FALSE	FALSE	2
PRDM13	TRUE	TRUE	FALSE	FALSE	2
MMRN1	TRUE	TRUE	FALSE	FALSE	2
LRRC56	TRUE	TRUE	FALSE	FALSE	2
ANKLE1	TRUE	TRUE	FALSE	FALSE	2
FGD3	TRUE	TRUE	FALSE	FALSE	2
IQGAP3	TRUE	TRUE	FALSE	FALSE	2
NCRNA00162	TRUE	TRUE	FALSE	FALSE	2
CSAG3	TRUE	TRUE	FALSE	FALSE	2
HBA1	TRUE	TRUE	FALSE	FALSE	2
TEX15	TRUE	TRUE	FALSE	FALSE	2
LUZP2	TRUE	TRUE	FALSE	FALSE	2
TNNT1	TRUE	TRUE	FALSE	FALSE	2
PTPLA	TRUE	TRUE	FALSE	FALSE	2
RAD51AP1	TRUE	TRUE	FALSE	FALSE	2
SERPINB3	TRUE	TRUE	FALSE	FALSE	2
PRTG	TRUE	TRUE	FALSE	FALSE	2
LDHB	TRUE	TRUE	FALSE	FALSE	2
NBPF6	TRUE	TRUE	FALSE	FALSE	2
CASQ1	TRUE	TRUE	FALSE	FALSE	2
TLX1NB	TRUE	TRUE	FALSE	FALSE	2
SERPINB4	TRUE	TRUE	FALSE	FALSE	2
IL20RA	TRUE	TRUE	FALSE	FALSE	2
FAM81B	TRUE	TRUE	FALSE	FALSE	2
FOXD1	TRUE	TRUE	FALSE	FALSE	2
IL1R2	TRUE	TRUE	FALSE	FALSE	2
DUSP4	TRUE	TRUE	FALSE	FALSE	2
EBF4	TRUE	TRUE	FALSE	FALSE	2
ZBTB8B	TRUE	TRUE	FALSE	FALSE	2
ABCC12	TRUE	TRUE	FALSE	FALSE	2
MSMB	TRUE	TRUE	FALSE	FALSE	2
SDPR	TRUE	TRUE	FALSE	FALSE	2
CYP2A7	TRUE	TRUE	FALSE	FALSE	2
NBEA	TRUE	TRUE	FALSE	FALSE	2
C14orf180	TRUE	TRUE	FALSE	FALSE	2
CALB2	TRUE	TRUE	FALSE	FALSE	2
CYP4F12	TRUE	TRUE	FALSE	FALSE	2
MAB21L1	TRUE	TRUE	FALSE	FALSE	2
CIDEC	TRUE	TRUE	FALSE	FALSE	2
ATP13A5	TRUE	TRUE	FALSE	FALSE	2
CIB3	TRUE	TRUE	FALSE	FALSE	2
MYH11	TRUE	TRUE	FALSE	FALSE	2
SLC1A6	TRUE	TRUE	FALSE	FALSE	2
MAGEB1	TRUE	TRUE	FALSE	FALSE	2
PHF21B	TRUE	TRUE	FALSE	FALSE	2
LOC440925	TRUE	TRUE	FALSE	FALSE	2
BTG2	TRUE	TRUE	FALSE	FALSE	2
KLRG2	TRUE	TRUE	FALSE	FALSE	2
RORC	TRUE	TRUE	FALSE	FALSE	2
SPATA4	TRUE	TRUE	FALSE	FALSE	2
PLAT	TRUE	TRUE	FALSE	FALSE	2
FAM135B	TRUE	TRUE	FALSE	FALSE	2
KRT37	TRUE	TRUE	FALSE	FALSE	2
GRIA2	TRUE	TRUE	FALSE	FALSE	2
PEBP4	TRUE	TRUE	FALSE	FALSE	2
SLC5A1	TRUE	TRUE	FALSE	FALSE	2
ASCL1	TRUE	TRUE	FALSE	FALSE	2
SPHKAP	TRUE	TRUE	FALSE	FALSE	2
PIK3CA	TRUE	FALSE	TRUE	FALSE	2
TMC3	TRUE	TRUE	FALSE	FALSE	2
GLRA3	TRUE	TRUE	FALSE	FALSE	2
PCNT	TRUE	FALSE	TRUE	FALSE	2
SUV39H2	FALSE	TRUE	FALSE	FALSE	1
CDK2AP1	FALSE	TRUE	FALSE	FALSE	1
FAM174A	FALSE	TRUE	FALSE	FALSE	1
IVD	FALSE	TRUE	FALSE	FALSE	1
C10orf32	FALSE	TRUE	FALSE	FALSE	1
PAPSS1	FALSE	TRUE	FALSE	FALSE	1
SFT2D2	FALSE	TRUE	FALSE	FALSE	1
MAP3K12	FALSE	TRUE	FALSE	FALSE	1
E2F3	FALSE	TRUE	FALSE	FALSE	1
SRPK1	FALSE	TRUE	FALSE	FALSE	1
SLC22A5	FALSE	TRUE	FALSE	FALSE	1
FAM123B	FALSE	TRUE	FALSE	FALSE	1
PDSS1	FALSE	TRUE	FALSE	FALSE	1
CCDC125	FALSE	TRUE	FALSE	FALSE	1
PSME4	FALSE	TRUE	FALSE	FALSE	1
TRIM3	FALSE	TRUE	FALSE	FALSE	1
YBX1	FALSE	TRUE	FALSE	FALSE	1
IFRD1	FALSE	TRUE	FALSE	FALSE	1
CIRBP	FALSE	TRUE	FALSE	FALSE	1
WFS1	FALSE	TRUE	FALSE	FALSE	1
DEK	FALSE	TRUE	FALSE	FALSE	1
DALRD3	FALSE	TRUE	FALSE	FALSE	1
ATL2	FALSE	TRUE	FALSE	FALSE	1
RABEP1	FALSE	TRUE	FALSE	FALSE	1
ATP6AP1L	FALSE	TRUE	FALSE	FALSE	1
TSC22D3	FALSE	TRUE	FALSE	FALSE	1
TTC8	FALSE	TRUE	FALSE	FALSE	1
BBS4	FALSE	TRUE	FALSE	FALSE	1
ANP32E	FALSE	TRUE	FALSE	FALSE	1
MICALL1	FALSE	TRUE	FALSE	FALSE	1
STMN1	FALSE	TRUE	FALSE	FALSE	1
PNPLA4	FALSE	TRUE	FALSE	FALSE	1
CHEK1	FALSE	TRUE	FALSE	FALSE	1
NCAPD2	FALSE	TRUE	FALSE	FALSE	1
SPATA20	FALSE	TRUE	FALSE	FALSE	1
SLC43A3	FALSE	TRUE	FALSE	FALSE	1
APBB2	FALSE	TRUE	FALSE	FALSE	1
USP6NL	FALSE	TRUE	FALSE	FALSE	1
PDE7A	FALSE	TRUE	FALSE	FALSE	1
RIPK2	FALSE	TRUE	FALSE	FALSE	1
CENPN	FALSE	TRUE	FALSE	FALSE	1
LRTOMT	FALSE	TRUE	FALSE	FALSE	1
PGPEP1	FALSE	TRUE	FALSE	FALSE	1
SKP2	FALSE	TRUE	FALSE	FALSE	1
C5orf36	FALSE	TRUE	FALSE	FALSE	1
CTPS	FALSE	TRUE	FALSE	FALSE	1
DNAL1	FALSE	TRUE	FALSE	FALSE	1
UCK2	FALSE	TRUE	FALSE	FALSE	1
GPSM2	FALSE	TRUE	FALSE	FALSE	1
C4orf34	FALSE	TRUE	FALSE	FALSE	1
PLOD1	FALSE	TRUE	FALSE	FALSE	1
APH1B	FALSE	TRUE	FALSE	FALSE	1
CCDC96	FALSE	TRUE	FALSE	FALSE	1
TMEM123	FALSE	TRUE	FALSE	FALSE	1
RARA	FALSE	TRUE	FALSE	FALSE	1
LBR	FALSE	TRUE	FALSE	FALSE	1
RSU1	FALSE	TRUE	FALSE	FALSE	1
C9orf53	FALSE	TRUE	FALSE	FALSE	1
CCDC159	FALSE	TRUE	FALSE	FALSE	1
TBX19	FALSE	TRUE	FALSE	FALSE	1
SLC46A1	FALSE	TRUE	FALSE	FALSE	1
ADCY9	FALSE	TRUE	FALSE	FALSE	1
DBF4	FALSE	TRUE	FALSE	FALSE	1
MGC3771	FALSE	TRUE	FALSE	FALSE	1
C3orf18	FALSE	TRUE	FALSE	FALSE	1
LIMA1	FALSE	TRUE	FALSE	FALSE	1
ATOH7	FALSE	TRUE	FALSE	FALSE	1
GPD1L	FALSE	TRUE	FALSE	FALSE	1
NKX1-2	FALSE	TRUE	FALSE	FALSE	1
OCEL1	FALSE	TRUE	FALSE	FALSE	1
C9orf40	FALSE	TRUE	FALSE	FALSE	1
CYB5D2	FALSE	TRUE	FALSE	FALSE	1
HSD17B8	FALSE	TRUE	FALSE	FALSE	1
IGFBP4	FALSE	TRUE	FALSE	FALSE	1
KDM4B	FALSE	TRUE	FALSE	FALSE	1
SPEF2	FALSE	TRUE	FALSE	FALSE	1
AMD1	FALSE	TRUE	FALSE	FALSE	1
PVR	FALSE	TRUE	FALSE	FALSE	1
C5orf30	FALSE	TRUE	FALSE	FALSE	1
STRA8	FALSE	TRUE	FALSE	FALSE	1
GHDC	FALSE	TRUE	FALSE	FALSE	1
ZBTB42	FALSE	TRUE	FALSE	FALSE	1
HMGA1	FALSE	TRUE	FALSE	FALSE	1
TMEFF1	FALSE	TRUE	FALSE	FALSE	1
C17orf108	FALSE	TRUE	FALSE	FALSE	1
ZNF385A	FALSE	TRUE	FALSE	FALSE	1
C14orf45	FALSE	TRUE	FALSE	FALSE	1
C6orf115	FALSE	TRUE	FALSE	FALSE	1
RHBDL2	FALSE	TRUE	FALSE	FALSE	1
STIL	FALSE	TRUE	FALSE	FALSE	1
RFC4	FALSE	TRUE	FALSE	FALSE	1
LYPD5	FALSE	TRUE	FALSE	FALSE	1
TP53BP2	FALSE	TRUE	FALSE	FALSE	1
C14orf115	FALSE	TRUE	FALSE	FALSE	1
LRIG1	FALSE	TRUE	FALSE	FALSE	1
POLR3G	FALSE	TRUE	FALSE	FALSE	1
DONSON	FALSE	TRUE	FALSE	FALSE	1
NPDC1	FALSE	TRUE	FALSE	FALSE	1
ACBD4	FALSE	TRUE	FALSE	FALSE	1
NHSL1	FALSE	TRUE	FALSE	FALSE	1
MCCC2	FALSE	TRUE	FALSE	FALSE	1
KLHDC1	FALSE	TRUE	FALSE	FALSE	1
CENPO	FALSE	TRUE	FALSE	FALSE	1
FAAH	FALSE	TRUE	FALSE	FALSE	1
C6orf167	FALSE	TRUE	FALSE	FALSE	1
ZNF467	FALSE	TRUE	FALSE	FALSE	1
DLX6AS	FALSE	TRUE	FALSE	FALSE	1
CSTB	FALSE	TRUE	FALSE	FALSE	1
CCDC18	FALSE	TRUE	FALSE	FALSE	1
NEAT1	FALSE	TRUE	FALSE	FALSE	1
TP53INP1	FALSE	TRUE	FALSE	FALSE	1
KIAA1609	FALSE	TRUE	FALSE	FALSE	1
PHF15	FALSE	TRUE	FALSE	FALSE	1
ODC1	FALSE	TRUE	FALSE	FALSE	1
CPEB2	FALSE	TRUE	FALSE	FALSE	1
BTG3	FALSE	TRUE	FALSE	FALSE	1
BEND3	FALSE	TRUE	FALSE	FALSE	1
LCTL	FALSE	TRUE	FALSE	FALSE	1
TSPAN33	FALSE	TRUE	FALSE	FALSE	1
PDX1	FALSE	TRUE	FALSE	FALSE	1
FAM174B	FALSE	TRUE	FALSE	FALSE	1
CDC7	FALSE	TRUE	FALSE	FALSE	1
SSH3	FALSE	TRUE	FALSE	FALSE	1
OGFRL1	FALSE	TRUE	FALSE	FALSE	1
ASNS	FALSE	TRUE	FALSE	FALSE	1
TGFB3	FALSE	TRUE	FALSE	FALSE	1
KIAA0040	FALSE	TRUE	FALSE	FALSE	1
FSCN1	FALSE	TRUE	FALSE	FALSE	1
IQCH	FALSE	TRUE	FALSE	FALSE	1
PDK1	FALSE	TRUE	FALSE	FALSE	1
LOC153910	FALSE	TRUE	FALSE	FALSE	1
SLC5A6	FALSE	TRUE	FALSE	FALSE	1
CYB5A	FALSE	TRUE	FALSE	FALSE	1
MSN	FALSE	TRUE	FALSE	FALSE	1
C1orf135	FALSE	TRUE	FALSE	FALSE	1
GLI3	FALSE	TRUE	FALSE	FALSE	1
WWP1	FALSE	TRUE	FALSE	FALSE	1
TMEM144	FALSE	TRUE	FALSE	FALSE	1
SRD5A1	FALSE	TRUE	FALSE	FALSE	1
TENC1	FALSE	TRUE	FALSE	FALSE	1
TSPAN15	FALSE	TRUE	FALSE	FALSE	1
GALNT10	FALSE	TRUE	FALSE	FALSE	1
CCDC103	FALSE	TRUE	FALSE	FALSE	1
IFT140	FALSE	TRUE	FALSE	FALSE	1
FBXO36	FALSE	TRUE	FALSE	FALSE	1
FAH	FALSE	TRUE	FALSE	FALSE	1
KIAA1407	FALSE	TRUE	FALSE	FALSE	1
SLC36A4	FALSE	TRUE	FALSE	FALSE	1
PGPEP1L	FALSE	TRUE	FALSE	FALSE	1
MEIS3P1	FALSE	TRUE	FALSE	FALSE	1
SNED1	FALSE	TRUE	FALSE	FALSE	1
SULT1A1	FALSE	TRUE	FALSE	FALSE	1
RNASE4	FALSE	TRUE	FALSE	FALSE	1
ITGB5	FALSE	TRUE	FALSE	FALSE	1
FANCB	FALSE	TRUE	FALSE	FALSE	1
ACOT4	FALSE	TRUE	FALSE	FALSE	1
FAM63A	FALSE	TRUE	FALSE	FALSE	1
CHAC2	FALSE	TRUE	FALSE	FALSE	1
C11orf90	FALSE	TRUE	FALSE	FALSE	1
ULK4	FALSE	TRUE	FALSE	FALSE	1
RIBC1	FALSE	TRUE	FALSE	FALSE	1
MMP20	FALSE	TRUE	FALSE	FALSE	1
HHAT	FALSE	TRUE	FALSE	FALSE	1
SEMA3F	FALSE	TRUE	FALSE	FALSE	1
FLJ42289	FALSE	TRUE	FALSE	FALSE	1
PELI1	FALSE	TRUE	FALSE	FALSE	1
GSG2	FALSE	TRUE	FALSE	FALSE	1
MYO10	FALSE	TRUE	FALSE	FALSE	1
ZNF280A	FALSE	TRUE	FALSE	FALSE	1
PEX11A	FALSE	TRUE	FALSE	FALSE	1
FBXL7	FALSE	TRUE	FALSE	FALSE	1
FAM19A4	FALSE	TRUE	FALSE	FALSE	1
TMEM25	FALSE	TRUE	FALSE	FALSE	1
C11orf75	FALSE	TRUE	FALSE	FALSE	1
FGF21	FALSE	TRUE	FALSE	FALSE	1
CNTD1	FALSE	TRUE	FALSE	FALSE	1
RBM38	FALSE	TRUE	FALSE	FALSE	1
KIF13B	FALSE	TRUE	FALSE	FALSE	1
HMSD	FALSE	TRUE	FALSE	FALSE	1
CHST15	FALSE	TRUE	FALSE	FALSE	1
MPZL2	FALSE	TRUE	FALSE	FALSE	1
PHOSPHO2	FALSE	TRUE	FALSE	FALSE	1
EIF2C2	FALSE	TRUE	FALSE	FALSE	1
UBE2E3	FALSE	TRUE	FALSE	FALSE	1
FRY	FALSE	TRUE	FALSE	FALSE	1
LOC400043	FALSE	TRUE	FALSE	FALSE	1
SLC26A1	FALSE	TRUE	FALSE	FALSE	1
BHLHE40	FALSE	TRUE	FALSE	FALSE	1
NECAB3	FALSE	TRUE	FALSE	FALSE	1
CHAF1B	FALSE	TRUE	FALSE	FALSE	1
CLLU1OS	FALSE	TRUE	FALSE	FALSE	1
MORN1	FALSE	TRUE	FALSE	FALSE	1
C1GALT1	FALSE	TRUE	FALSE	FALSE	1
NFATC4	FALSE	TRUE	FALSE	FALSE	1
AHNAK	FALSE	TRUE	FALSE	FALSE	1
ATP8B1	FALSE	TRUE	FALSE	FALSE	1
ECE2	FALSE	TRUE	FALSE	FALSE	1
KHDRBS3	FALSE	TRUE	FALSE	FALSE	1
LASS4	FALSE	TRUE	FALSE	FALSE	1
GPR161	FALSE	TRUE	FALSE	FALSE	1
LPIN1	FALSE	TRUE	FALSE	FALSE	1
TCEAL6	FALSE	TRUE	FALSE	FALSE	1
C2orf55	FALSE	TRUE	FALSE	FALSE	1
CCDC30	FALSE	TRUE	FALSE	FALSE	1
LYN	FALSE	TRUE	FALSE	FALSE	1
NCS1	FALSE	TRUE	FALSE	FALSE	1
MZF1	FALSE	TRUE	FALSE	FALSE	1
FAM60A	FALSE	TRUE	FALSE	FALSE	1
TCEAL3	FALSE	TRUE	FALSE	FALSE	1
SLC22A23	FALSE	TRUE	FALSE	FALSE	1
BLM	FALSE	TRUE	FALSE	FALSE	1
SCN1B	FALSE	TRUE	FALSE	FALSE	1
C9orf106	FALSE	TRUE	FALSE	FALSE	1
SCCPDH	FALSE	TRUE	FALSE	FALSE	1
EZH2	FALSE	TRUE	FALSE	FALSE	1
BLVRA	FALSE	TRUE	FALSE	FALSE	1
ELOVL5	FALSE	TRUE	FALSE	FALSE	1
DSCC1	FALSE	TRUE	FALSE	FALSE	1
PECI	FALSE	TRUE	FALSE	FALSE	1
CST3	FALSE	TRUE	FALSE	FALSE	1
SLC35F2	FALSE	TRUE	FALSE	FALSE	1
VIPR1	FALSE	TRUE	FALSE	FALSE	1
FMNL2	FALSE	TRUE	FALSE	FALSE	1
CROT	FALSE	TRUE	FALSE	FALSE	1
MYO5C	FALSE	TRUE	FALSE	FALSE	1
CLDN16	FALSE	TRUE	FALSE	FALSE	1
DNMT3B	FALSE	TRUE	FALSE	FALSE	1
IMPA2	FALSE	TRUE	FALSE	FALSE	1
ST3GAL6	FALSE	TRUE	FALSE	FALSE	1
B3GNT7	FALSE	TRUE	FALSE	FALSE	1
SEPP1	FALSE	TRUE	FALSE	FALSE	1
KIF16B	FALSE	TRUE	FALSE	FALSE	1
KRT222	FALSE	TRUE	FALSE	FALSE	1
SALL2	FALSE	TRUE	FALSE	FALSE	1
KCTD6	FALSE	TRUE	FALSE	FALSE	1
DUSP5	FALSE	TRUE	FALSE	FALSE	1
FOXL1	FALSE	TRUE	FALSE	FALSE	1
CEBPB	FALSE	TRUE	FALSE	FALSE	1
CSRP2	FALSE	TRUE	FALSE	FALSE	1
GINS4	FALSE	TRUE	FALSE	FALSE	1
MFGE8	FALSE	TRUE	FALSE	FALSE	1
PLA2G16	FALSE	TRUE	FALSE	FALSE	1
C2orf81	FALSE	TRUE	FALSE	FALSE	1
NT5DC2	FALSE	TRUE	FALSE	FALSE	1
GRM6	FALSE	TRUE	FALSE	FALSE	1
MCF2L2	FALSE	TRUE	FALSE	FALSE	1
LANCL3	FALSE	TRUE	FALSE	FALSE	1
RNF222	FALSE	TRUE	FALSE	FALSE	1
C6orf150	FALSE	TRUE	FALSE	FALSE	1
ZCCHC24	FALSE	TRUE	FALSE	FALSE	1
JRKL	FALSE	TRUE	FALSE	FALSE	1
ZNF454	FALSE	TRUE	FALSE	FALSE	1
KIAA1524	FALSE	TRUE	FALSE	FALSE	1
TYMS	FALSE	TRUE	FALSE	FALSE	1
SMOC2	FALSE	TRUE	FALSE	FALSE	1
MFSD2B	FALSE	TRUE	FALSE	FALSE	1
CDK6	FALSE	TRUE	FALSE	FALSE	1
SLC25A37	FALSE	TRUE	FALSE	FALSE	1
ATP11A	FALSE	TRUE	FALSE	FALSE	1
CCDC24	FALSE	TRUE	FALSE	FALSE	1
EPOR	FALSE	TRUE	FALSE	FALSE	1
LOC339674	FALSE	TRUE	FALSE	FALSE	1
C2orf77	FALSE	TRUE	FALSE	FALSE	1
PRKD3	FALSE	TRUE	FALSE	FALSE	1
TNFRSF21	FALSE	TRUE	FALSE	FALSE	1
SCHIP1	FALSE	TRUE	FALSE	FALSE	1
MAN1C1	FALSE	TRUE	FALSE	FALSE	1
CAMK2N1	FALSE	TRUE	FALSE	FALSE	1
TSPAN13	FALSE	TRUE	FALSE	FALSE	1
C11orf35	FALSE	TRUE	FALSE	FALSE	1
EPB41L4A	FALSE	TRUE	FALSE	FALSE	1
PRICKLE2	FALSE	TRUE	FALSE	FALSE	1
DNMBP	FALSE	TRUE	FALSE	FALSE	1
GUSBL1	FALSE	TRUE	FALSE	FALSE	1
TMEM217	FALSE	TRUE	FALSE	FALSE	1
PEX11G	FALSE	TRUE	FALSE	FALSE	1
RAD51AP2	FALSE	TRUE	FALSE	FALSE	1
KIF18A	FALSE	TRUE	FALSE	FALSE	1
TMEM229B	FALSE	TRUE	FALSE	FALSE	1
TRIP13	FALSE	TRUE	FALSE	FALSE	1
EPHB3	FALSE	TRUE	FALSE	FALSE	1
FAM110B	FALSE	TRUE	FALSE	FALSE	1
C17orf58	FALSE	TRUE	FALSE	FALSE	1
CCDC150	FALSE	TRUE	FALSE	FALSE	1
C2orf27A	FALSE	TRUE	FALSE	FALSE	1
MPP7	FALSE	TRUE	FALSE	FALSE	1
CPE	FALSE	TRUE	FALSE	FALSE	1
LOC100130872	FALSE	TRUE	FALSE	FALSE	1
SOD2	FALSE	TRUE	FALSE	FALSE	1
C6orf201	FALSE	TRUE	FALSE	FALSE	1
HOXC5	FALSE	TRUE	FALSE	FALSE	1
LOC115110	FALSE	TRUE	FALSE	FALSE	1
DMRTA2	FALSE	TRUE	FALSE	FALSE	1
SEL1L3	FALSE	TRUE	FALSE	FALSE	1
B3GNT8	FALSE	TRUE	FALSE	FALSE	1
FLJ44606	FALSE	TRUE	FALSE	FALSE	1
BAG2	FALSE	TRUE	FALSE	FALSE	1
PSRC1	FALSE	TRUE	FALSE	FALSE	1
HRK	FALSE	TRUE	FALSE	FALSE	1
SLC9A6	FALSE	TRUE	FALSE	FALSE	1
KITLG	FALSE	TRUE	FALSE	FALSE	1
CCDC106	FALSE	TRUE	FALSE	FALSE	1
COTL1	FALSE	TRUE	FALSE	FALSE	1
TMEM38A	FALSE	TRUE	FALSE	FALSE	1
FAM161B	FALSE	TRUE	FALSE	FALSE	1
FUT8	FALSE	TRUE	FALSE	FALSE	1
AGBL2	FALSE	TRUE	FALSE	FALSE	1
GBP1	FALSE	TRUE	FALSE	FALSE	1
ZDHHC11	FALSE	TRUE	FALSE	FALSE	1
CLEC7A	FALSE	TRUE	FALSE	FALSE	1
CCDC82	FALSE	TRUE	FALSE	FALSE	1
NEIL1	FALSE	TRUE	FALSE	FALSE	1
GLIPR2	FALSE	TRUE	FALSE	FALSE	1
NCAPH	FALSE	TRUE	FALSE	FALSE	1
MALL	FALSE	TRUE	FALSE	FALSE	1
CALCB	FALSE	TRUE	FALSE	FALSE	1
C11orf82	FALSE	TRUE	FALSE	FALSE	1
PLEKHG1	FALSE	TRUE	FALSE	FALSE	1
CMTM7	FALSE	TRUE	FALSE	FALSE	1
RAB17	FALSE	TRUE	FALSE	FALSE	1
PFKP	FALSE	TRUE	FALSE	FALSE	1
SIGIRR	FALSE	TRUE	FALSE	FALSE	1
SERP2	FALSE	TRUE	FALSE	FALSE	1
SLC2A10	FALSE	TRUE	FALSE	FALSE	1
PLCG2	FALSE	TRUE	FALSE	FALSE	1
MOSC2	FALSE	TRUE	FALSE	FALSE	1
PLCD4	FALSE	TRUE	FALSE	FALSE	1
KPNA2	FALSE	TRUE	FALSE	FALSE	1
CARD10	FALSE	TRUE	FALSE	FALSE	1
TET1	FALSE	TRUE	FALSE	FALSE	1
MGC72080	FALSE	TRUE	FALSE	FALSE	1
MAMLD1	FALSE	TRUE	FALSE	FALSE	1
XRCC2	FALSE	TRUE	FALSE	FALSE	1
RASGEF1B	FALSE	TRUE	FALSE	FALSE	1
MCM4	FALSE	TRUE	FALSE	FALSE	1
WDR52	FALSE	TRUE	FALSE	FALSE	1
CAB39L	FALSE	TRUE	FALSE	FALSE	1
CATSPERG	FALSE	TRUE	FALSE	FALSE	1
CISH	FALSE	TRUE	FALSE	FALSE	1
LTC4S	FALSE	TRUE	FALSE	FALSE	1
MURC	FALSE	TRUE	FALSE	FALSE	1
SLC16A1	FALSE	TRUE	FALSE	FALSE	1
LOC148696	FALSE	TRUE	FALSE	FALSE	1
IQCD	FALSE	TRUE	FALSE	FALSE	1
WWTR1	FALSE	TRUE	FALSE	FALSE	1
B3GNT4	FALSE	TRUE	FALSE	FALSE	1
CDCA5	FALSE	TRUE	FALSE	FALSE	1
PPARA	FALSE	TRUE	FALSE	FALSE	1
HIGD1B	FALSE	TRUE	FALSE	FALSE	1
LOC100128239	FALSE	TRUE	FALSE	FALSE	1
ROS1	FALSE	TRUE	FALSE	FALSE	1
TM7SF2	FALSE	TRUE	FALSE	FALSE	1
MCART6	FALSE	TRUE	FALSE	FALSE	1
LOC100128788	FALSE	TRUE	FALSE	FALSE	1
MTBP	FALSE	TRUE	FALSE	FALSE	1
RAET1K	FALSE	TRUE	FALSE	FALSE	1
ARHGAP11A	FALSE	TRUE	FALSE	FALSE	1
GALNT7	FALSE	TRUE	FALSE	FALSE	1
TRIML2	FALSE	TRUE	FALSE	FALSE	1
C9orf47	FALSE	TRUE	FALSE	FALSE	1
ZNF671	FALSE	TRUE	FALSE	FALSE	1
MCM2	FALSE	TRUE	FALSE	FALSE	1
RTN2	FALSE	TRUE	FALSE	FALSE	1
HPGDS	FALSE	TRUE	FALSE	FALSE	1
HEPHL1	FALSE	TRUE	FALSE	FALSE	1
MAD2L1	FALSE	TRUE	FALSE	FALSE	1
SELENBP1	FALSE	TRUE	FALSE	FALSE	1
PSAPL1	FALSE	TRUE	FALSE	FALSE	1
IFITM2	FALSE	TRUE	FALSE	FALSE	1
DZIP1	FALSE	TRUE	FALSE	FALSE	1
ZSWIM5	FALSE	TRUE	FALSE	FALSE	1
ASAH1	FALSE	TRUE	FALSE	FALSE	1
LETM2	FALSE	TRUE	FALSE	FALSE	1
FLJ36777	FALSE	TRUE	FALSE	FALSE	1
SLC45A1	FALSE	TRUE	FALSE	FALSE	1
KIF23	FALSE	TRUE	FALSE	FALSE	1
TRERF1	FALSE	TRUE	FALSE	FALSE	1
CYBRD1	FALSE	TRUE	FALSE	FALSE	1
C1orf94	FALSE	TRUE	FALSE	FALSE	1
MYST4	FALSE	TRUE	FALSE	FALSE	1
MYO15B	FALSE	TRUE	FALSE	FALSE	1
SLC19A2	FALSE	TRUE	FALSE	FALSE	1
FSTL3	FALSE	TRUE	FALSE	FALSE	1
NCOA7	FALSE	TRUE	FALSE	FALSE	1
CNGB1	FALSE	TRUE	FALSE	FALSE	1
NR2E3	FALSE	TRUE	FALSE	FALSE	1
TCEA3	FALSE	TRUE	FALSE	FALSE	1
ZNF844	FALSE	TRUE	FALSE	FALSE	1
GPT2	FALSE	TRUE	FALSE	FALSE	1
TSNAXIP1	FALSE	TRUE	FALSE	FALSE	1
SIGLECP3	FALSE	TRUE	FALSE	FALSE	1
SLC22A18	FALSE	TRUE	FALSE	FALSE	1
C3orf58	FALSE	TRUE	FALSE	FALSE	1
PGAP3	FALSE	TRUE	FALSE	FALSE	1
NME3	FALSE	TRUE	FALSE	FALSE	1
GUSBP3	FALSE	TRUE	FALSE	FALSE	1
PRICKLE4	FALSE	TRUE	FALSE	FALSE	1
FANK1	FALSE	TRUE	FALSE	FALSE	1
EDA2R	FALSE	TRUE	FALSE	FALSE	1
TRIM15	FALSE	TRUE	FALSE	FALSE	1
SMPX	FALSE	TRUE	FALSE	FALSE	1
HSPA12A	FALSE	TRUE	FALSE	FALSE	1
CTSC	FALSE	TRUE	FALSE	FALSE	1
STAG3	FALSE	TRUE	FALSE	FALSE	1
C1orf21	FALSE	TRUE	FALSE	FALSE	1
EFCAB4B	FALSE	TRUE	FALSE	FALSE	1
THRB	FALSE	TRUE	FALSE	FALSE	1
PDE9A	FALSE	TRUE	FALSE	FALSE	1
REPS2	FALSE	TRUE	FALSE	FALSE	1
TPRN	FALSE	TRUE	FALSE	FALSE	1
ITGA3	FALSE	TRUE	FALSE	FALSE	1
KCNV1	FALSE	TRUE	FALSE	FALSE	1
CLEC4D	FALSE	TRUE	FALSE	FALSE	1
PPYR1	FALSE	TRUE	FALSE	FALSE	1
SERPINE2	FALSE	TRUE	FALSE	FALSE	1
C6orf154	FALSE	TRUE	FALSE	FALSE	1
OVGP1	FALSE	TRUE	FALSE	FALSE	1
PRKAG3	FALSE	TRUE	FALSE	FALSE	1
DAPK1	FALSE	TRUE	FALSE	FALSE	1
NFIB	FALSE	TRUE	FALSE	FALSE	1
KLK9	FALSE	TRUE	FALSE	FALSE	1
PRC1	FALSE	TRUE	FALSE	FALSE	1
PLK4	FALSE	TRUE	FALSE	FALSE	1
KIR2DL4	FALSE	TRUE	FALSE	FALSE	1
TTC25	FALSE	TRUE	FALSE	FALSE	1
NFIL3	FALSE	TRUE	FALSE	FALSE	1
N4BP3	FALSE	TRUE	FALSE	FALSE	1
ABHD1	FALSE	TRUE	FALSE	FALSE	1
TTC23L	FALSE	TRUE	FALSE	FALSE	1
AXIN2	FALSE	TRUE	FALSE	FALSE	1
ANKS6	FALSE	TRUE	FALSE	FALSE	1
SHCBP1	FALSE	TRUE	FALSE	FALSE	1
ANKRD36BP1	FALSE	TRUE	FALSE	FALSE	1
UGDH	FALSE	TRUE	FALSE	FALSE	1
KAL1	FALSE	TRUE	FALSE	FALSE	1
TRIM43	FALSE	TRUE	FALSE	FALSE	1
CDYL2	FALSE	TRUE	FALSE	FALSE	1
GPR3	FALSE	TRUE	FALSE	FALSE	1
KCNK12	FALSE	TRUE	FALSE	FALSE	1
GOLGA2B	FALSE	TRUE	FALSE	FALSE	1
GABRA5	FALSE	TRUE	FALSE	FALSE	1
PABPC4L	FALSE	TRUE	FALSE	FALSE	1
C7orf13	FALSE	TRUE	FALSE	FALSE	1
NOXA1	FALSE	TRUE	FALSE	FALSE	1
ZNF516	FALSE	TRUE	FALSE	FALSE	1
GPM6B	FALSE	TRUE	FALSE	FALSE	1
CDT1	FALSE	TRUE	FALSE	FALSE	1
SMOX	FALSE	TRUE	FALSE	FALSE	1
ALCAM	FALSE	TRUE	FALSE	FALSE	1
SLC9A3R1	FALSE	TRUE	FALSE	FALSE	1
FAM154B	FALSE	TRUE	FALSE	FALSE	1
OIP5	FALSE	TRUE	FALSE	FALSE	1
ERCC6L	FALSE	TRUE	FALSE	FALSE	1
PERP	FALSE	TRUE	FALSE	FALSE	1
KCNK6	FALSE	TRUE	FALSE	FALSE	1
TMC4	FALSE	TRUE	FALSE	FALSE	1
PFN2	FALSE	TRUE	FALSE	FALSE	1
MOG	FALSE	TRUE	FALSE	FALSE	1
C1orf59	FALSE	TRUE	FALSE	FALSE	1
HEXIM2	FALSE	TRUE	FALSE	FALSE	1
ZMAT1	FALSE	TRUE	FALSE	FALSE	1
MST1	FALSE	TRUE	FALSE	FALSE	1
FAM110C	FALSE	TRUE	FALSE	FALSE	1
CKS2	FALSE	TRUE	FALSE	FALSE	1
NDRG1	FALSE	TRUE	FALSE	FALSE	1
TCEAL5	FALSE	TRUE	FALSE	FALSE	1
GINS1	FALSE	TRUE	FALSE	FALSE	1
ACER2	FALSE	TRUE	FALSE	FALSE	1
SCML2	FALSE	TRUE	FALSE	FALSE	1
HTR7P1	FALSE	TRUE	FALSE	FALSE	1
SMO	FALSE	TRUE	FALSE	FALSE	1
C7orf61	FALSE	TRUE	FALSE	FALSE	1
ZNF518B	FALSE	TRUE	FALSE	FALSE	1
MRAS	FALSE	TRUE	FALSE	FALSE	1
CYB5R2	FALSE	TRUE	FALSE	FALSE	1
PTTG1	FALSE	TRUE	FALSE	FALSE	1
ADAMTS13	FALSE	TRUE	FALSE	FALSE	1
LYPD1	FALSE	TRUE	FALSE	FALSE	1
DDX26B	FALSE	TRUE	FALSE	FALSE	1
BUB1B	FALSE	TRUE	FALSE	FALSE	1
C16orf74	FALSE	TRUE	FALSE	FALSE	1
CSDA	FALSE	TRUE	FALSE	FALSE	1
PDGFD	FALSE	TRUE	FALSE	FALSE	1
LOC389333	FALSE	TRUE	FALSE	FALSE	1
PRRT2	FALSE	TRUE	FALSE	FALSE	1
C1QTNF3	FALSE	TRUE	FALSE	FALSE	1
FSCN2	FALSE	TRUE	FALSE	FALSE	1
AADAT	FALSE	TRUE	FALSE	FALSE	1
TGM1	FALSE	TRUE	FALSE	FALSE	1
POLQ	FALSE	TRUE	FALSE	FALSE	1
CLEC6A	FALSE	TRUE	FALSE	FALSE	1
BCL2L10	FALSE	TRUE	FALSE	FALSE	1
ANG	FALSE	TRUE	FALSE	FALSE	1
PTK7	FALSE	TRUE	FALSE	FALSE	1
TIAM2	FALSE	TRUE	FALSE	FALSE	1
PRX	FALSE	TRUE	FALSE	FALSE	1
SPAG8	FALSE	TRUE	FALSE	FALSE	1
CREB3L4	FALSE	TRUE	FALSE	FALSE	1
DGKG	FALSE	TRUE	FALSE	FALSE	1
TRPV3	FALSE	TRUE	FALSE	FALSE	1
CA13	FALSE	TRUE	FALSE	FALSE	1
SLC22A4	FALSE	TRUE	FALSE	FALSE	1
LOC100130522	FALSE	TRUE	FALSE	FALSE	1
C1orf187	FALSE	TRUE	FALSE	FALSE	1
HTRA1	FALSE	TRUE	FALSE	FALSE	1
ASB16	FALSE	TRUE	FALSE	FALSE	1
FOXN1	FALSE	TRUE	FALSE	FALSE	1
CNKSR3	FALSE	TRUE	FALSE	FALSE	1
LOC149134	FALSE	TRUE	FALSE	FALSE	1
TUBA4A	FALSE	TRUE	FALSE	FALSE	1
RAD51	FALSE	TRUE	FALSE	FALSE	1
KLF2	FALSE	TRUE	FALSE	FALSE	1
ITM2C	FALSE	TRUE	FALSE	FALSE	1
CSDAP1	FALSE	TRUE	FALSE	FALSE	1
TACC3	FALSE	TRUE	FALSE	FALSE	1
H2BFXP	FALSE	TRUE	FALSE	FALSE	1
FOLH1	FALSE	TRUE	FALSE	FALSE	1
LOC285548	FALSE	TRUE	FALSE	FALSE	1
CCDC152	FALSE	TRUE	FALSE	FALSE	1
GNA14	FALSE	TRUE	FALSE	FALSE	1
PRSS23	FALSE	TRUE	FALSE	FALSE	1
C9orf150	FALSE	TRUE	FALSE	FALSE	1
RAB37	FALSE	TRUE	FALSE	FALSE	1
LMNB1	FALSE	TRUE	FALSE	FALSE	1
TPPP3	FALSE	TRUE	FALSE	FALSE	1
IL32	FALSE	TRUE	FALSE	FALSE	1
SCNN1D	FALSE	TRUE	FALSE	FALSE	1
MOBKL2B	FALSE	TRUE	FALSE	FALSE	1
RIPK3	FALSE	TRUE	FALSE	FALSE	1
FLJ35024	FALSE	TRUE	FALSE	FALSE	1
SH3BGRL	FALSE	TRUE	FALSE	FALSE	1
KRT18	FALSE	TRUE	FALSE	FALSE	1
MMP28	FALSE	TRUE	FALSE	FALSE	1
ZNF883	FALSE	TRUE	FALSE	FALSE	1
C17orf72	FALSE	TRUE	FALSE	FALSE	1
FAM176B	FALSE	TRUE	FALSE	FALSE	1
CCDC65	FALSE	TRUE	FALSE	FALSE	1
MYOZ3	FALSE	TRUE	FALSE	FALSE	1
SSC5D	FALSE	TRUE	FALSE	FALSE	1
FAM131C	FALSE	TRUE	FALSE	FALSE	1
ACSF2	FALSE	TRUE	FALSE	FALSE	1
GPR55	FALSE	TRUE	FALSE	FALSE	1
FAM135A	FALSE	TRUE	FALSE	FALSE	1
FAT1	FALSE	TRUE	FALSE	FALSE	1
GSC	FALSE	TRUE	FALSE	FALSE	1
TPO	FALSE	TRUE	FALSE	FALSE	1
FAM111B	FALSE	TRUE	FALSE	FALSE	1
UBE2T	FALSE	TRUE	FALSE	FALSE	1
MS4A7	FALSE	TRUE	FALSE	FALSE	1
ZNF214	FALSE	TRUE	FALSE	FALSE	1
CHST2	FALSE	TRUE	FALSE	FALSE	1
LOC388588	FALSE	TRUE	FALSE	FALSE	1
GALNTL6	FALSE	TRUE	FALSE	FALSE	1
GPRC5B	FALSE	TRUE	FALSE	FALSE	1
KIAA1257	FALSE	TRUE	FALSE	FALSE	1
TTC16	FALSE	TRUE	FALSE	FALSE	1
HOXB3	FALSE	TRUE	FALSE	FALSE	1
SLC22A16	FALSE	TRUE	FALSE	FALSE	1
DLX5	FALSE	TRUE	FALSE	FALSE	1
HSPA12B	FALSE	TRUE	FALSE	FALSE	1
UGCG	FALSE	TRUE	FALSE	FALSE	1
ZNF423	FALSE	TRUE	FALSE	FALSE	1
C2CD4D	FALSE	TRUE	FALSE	FALSE	1
LOC400927	FALSE	TRUE	FALSE	FALSE	1
FPR2	FALSE	TRUE	FALSE	FALSE	1
SILV	FALSE	TRUE	FALSE	FALSE	1
OR7A5	FALSE	TRUE	FALSE	FALSE	1
MTMR8	FALSE	TRUE	FALSE	FALSE	1
GYLTL1B	FALSE	TRUE	FALSE	FALSE	1
SPARCL1	FALSE	TRUE	FALSE	FALSE	1
CHST3	FALSE	TRUE	FALSE	FALSE	1
PRR18	FALSE	TRUE	FALSE	FALSE	1
IGFBP2	FALSE	TRUE	FALSE	FALSE	1
LOC100170939	FALSE	TRUE	FALSE	FALSE	1
RTKN2	FALSE	TRUE	FALSE	FALSE	1
SNTN	FALSE	TRUE	FALSE	FALSE	1
CCDC87	FALSE	TRUE	FALSE	FALSE	1
ETNK2	FALSE	TRUE	FALSE	FALSE	1
DDO	FALSE	TRUE	FALSE	FALSE	1
LRRN4	FALSE	TRUE	FALSE	FALSE	1
MYO15A	FALSE	TRUE	FALSE	FALSE	1
ITGA6	FALSE	TRUE	FALSE	FALSE	1
CYP7B1	FALSE	TRUE	FALSE	FALSE	1
CEACAM19	FALSE	TRUE	FALSE	FALSE	1
SLC2A12	FALSE	TRUE	FALSE	FALSE	1
KIAA1683	FALSE	TRUE	FALSE	FALSE	1
TIMP3	FALSE	TRUE	FALSE	FALSE	1
DPF3	FALSE	TRUE	FALSE	FALSE	1
ATP6V1G2	FALSE	TRUE	FALSE	FALSE	1
LOC92973	FALSE	TRUE	FALSE	FALSE	1
CABP4	FALSE	TRUE	FALSE	FALSE	1
TPPP	FALSE	TRUE	FALSE	FALSE	1
ATP8B3	FALSE	TRUE	FALSE	FALSE	1
IL1RL2	FALSE	TRUE	FALSE	FALSE	1
FTCD	FALSE	TRUE	FALSE	FALSE	1
CREB3L1	FALSE	TRUE	FALSE	FALSE	1
RHOH	FALSE	TRUE	FALSE	FALSE	1
TSPYL5	FALSE	TRUE	FALSE	FALSE	1
CLEC3B	FALSE	TRUE	FALSE	FALSE	1
SYNC	FALSE	TRUE	FALSE	FALSE	1
C11orf9	FALSE	TRUE	FALSE	FALSE	1
MAML2	FALSE	TRUE	FALSE	FALSE	1
OLFM1	FALSE	TRUE	FALSE	FALSE	1
CDKN3	FALSE	TRUE	FALSE	FALSE	1
AK7	FALSE	TRUE	FALSE	FALSE	1
FSD1	FALSE	TRUE	FALSE	FALSE	1
SERPINI1	FALSE	TRUE	FALSE	FALSE	1
DEPDC7	FALSE	TRUE	FALSE	FALSE	1
TM4SF1	FALSE	TRUE	FALSE	FALSE	1
NETO2	FALSE	TRUE	FALSE	FALSE	1
KIRREL3	FALSE	TRUE	FALSE	FALSE	1
SLC1A7	FALSE	TRUE	FALSE	FALSE	1
HSPB1	FALSE	TRUE	FALSE	FALSE	1
ACACB	FALSE	TRUE	FALSE	FALSE	1
RGS5	FALSE	TRUE	FALSE	FALSE	1
PARD6B	FALSE	TRUE	FALSE	FALSE	1
RUNX3	FALSE	TRUE	FALSE	FALSE	1
PKIB	FALSE	TRUE	FALSE	FALSE	1
UBE2S	FALSE	TRUE	FALSE	FALSE	1
UNC80	FALSE	TRUE	FALSE	FALSE	1
UMOD	FALSE	TRUE	FALSE	FALSE	1
HMGB3	FALSE	TRUE	FALSE	FALSE	1
LAPTM4B	FALSE	TRUE	FALSE	FALSE	1
GAS2L3	FALSE	TRUE	FALSE	FALSE	1
FZD4	FALSE	TRUE	FALSE	FALSE	1
ADAMTS3	FALSE	TRUE	FALSE	FALSE	1
USHBP1	FALSE	TRUE	FALSE	FALSE	1
MST4	FALSE	TRUE	FALSE	FALSE	1
BACE2	FALSE	TRUE	FALSE	FALSE	1
RARRES3	FALSE	TRUE	FALSE	FALSE	1
SEMA3G	FALSE	TRUE	FALSE	FALSE	1
NUSAP1	FALSE	TRUE	FALSE	FALSE	1
HOXD8	FALSE	TRUE	FALSE	FALSE	1
WNT10A	FALSE	TRUE	FALSE	FALSE	1
KIAA1324L	FALSE	TRUE	FALSE	FALSE	1
PDE11A	FALSE	TRUE	FALSE	FALSE	1
ERO1LB	FALSE	TRUE	FALSE	FALSE	1
RPL39L	FALSE	TRUE	FALSE	FALSE	1
PODN	FALSE	TRUE	FALSE	FALSE	1
PEAR1	FALSE	TRUE	FALSE	FALSE	1
CCDC11	FALSE	TRUE	FALSE	FALSE	1
TMEM45A	FALSE	TRUE	FALSE	FALSE	1
EPCAM	FALSE	TRUE	FALSE	FALSE	1
C1orf150	FALSE	TRUE	FALSE	FALSE	1
SIGLEC8	FALSE	TRUE	FALSE	FALSE	1
C11orf41	FALSE	TRUE	FALSE	FALSE	1
FGF11	FALSE	TRUE	FALSE	FALSE	1
IL27RA	FALSE	TRUE	FALSE	FALSE	1
CIB2	FALSE	TRUE	FALSE	FALSE	1
EPHB1	FALSE	TRUE	FALSE	FALSE	1
ABCG2	FALSE	TRUE	FALSE	FALSE	1
MIMT1	FALSE	TRUE	FALSE	FALSE	1
?|653553	FALSE	TRUE	FALSE	FALSE	1
SPC25	FALSE	TRUE	FALSE	FALSE	1
STX1B	FALSE	TRUE	FALSE	FALSE	1
LOC100131434	FALSE	TRUE	FALSE	FALSE	1
GPR84	FALSE	TRUE	FALSE	FALSE	1
EPHB6	FALSE	TRUE	FALSE	FALSE	1
CCDC39	FALSE	TRUE	FALSE	FALSE	1
SOX9	FALSE	TRUE	FALSE	FALSE	1
MYCBPAP	FALSE	TRUE	FALSE	FALSE	1
HTR3A	FALSE	TRUE	FALSE	FALSE	1
IQGAP2	FALSE	TRUE	FALSE	FALSE	1
ADORA2B	FALSE	TRUE	FALSE	FALSE	1
QPCT	FALSE	TRUE	FALSE	FALSE	1
NCRNA00160	FALSE	TRUE	FALSE	FALSE	1
OLFM2	FALSE	TRUE	FALSE	FALSE	1
CYP4A11	FALSE	TRUE	FALSE	FALSE	1
SLC34A3	FALSE	TRUE	FALSE	FALSE	1
MARCH10	FALSE	TRUE	FALSE	FALSE	1
CLEC4E	FALSE	TRUE	FALSE	FALSE	1
H2AFJ	FALSE	TRUE	FALSE	FALSE	1
KCNE1L	FALSE	TRUE	FALSE	FALSE	1
ZNF492	FALSE	TRUE	FALSE	FALSE	1
LOC285593	FALSE	TRUE	FALSE	FALSE	1
AMIGO2	FALSE	TRUE	FALSE	FALSE	1
SCN4B	FALSE	TRUE	FALSE	FALSE	1
GPR162	FALSE	TRUE	FALSE	FALSE	1
GSTA2	FALSE	TRUE	FALSE	FALSE	1
TTLL9	FALSE	TRUE	FALSE	FALSE	1
TROAP	FALSE	TRUE	FALSE	FALSE	1
ZNF311	FALSE	TRUE	FALSE	FALSE	1
C2orf71	FALSE	TRUE	FALSE	FALSE	1
MS4A14	FALSE	TRUE	FALSE	FALSE	1
ZNF488	FALSE	TRUE	FALSE	FALSE	1
GPR63	FALSE	TRUE	FALSE	FALSE	1
GADD45G	FALSE	TRUE	FALSE	FALSE	1
TMEM184A	FALSE	TRUE	FALSE	FALSE	1
IPW	FALSE	TRUE	FALSE	FALSE	1
PRG2	FALSE	TRUE	FALSE	FALSE	1
GHR	FALSE	TRUE	FALSE	FALSE	1
LOXL4	FALSE	TRUE	FALSE	FALSE	1
TMPRSS5	FALSE	TRUE	FALSE	FALSE	1
CYP2B6	FALSE	TRUE	FALSE	FALSE	1
ANKS1B	FALSE	TRUE	FALSE	FALSE	1
EPHA3	FALSE	TRUE	FALSE	FALSE	1
SHISA6	FALSE	TRUE	FALSE	FALSE	1
ST6GALNAC2	FALSE	TRUE	FALSE	FALSE	1
FER1L5	FALSE	TRUE	FALSE	FALSE	1
IFNG	FALSE	TRUE	FALSE	FALSE	1
HMMR	FALSE	TRUE	FALSE	FALSE	1
ProSAPiP1	FALSE	TRUE	FALSE	FALSE	1
DCLK1	FALSE	TRUE	FALSE	FALSE	1
ARHGAP11B	FALSE	TRUE	FALSE	FALSE	1
TNFRSF9	FALSE	TRUE	FALSE	FALSE	1
WNK3	FALSE	TRUE	FALSE	FALSE	1
IGF2	FALSE	TRUE	FALSE	FALSE	1
SLC18A2	FALSE	TRUE	FALSE	FALSE	1
WIPF3	FALSE	TRUE	FALSE	FALSE	1
NEGR1	FALSE	TRUE	FALSE	FALSE	1
MEG3	FALSE	TRUE	FALSE	FALSE	1
SLC38A11	FALSE	TRUE	FALSE	FALSE	1
PBK	FALSE	TRUE	FALSE	FALSE	1
FRMPD2	FALSE	TRUE	FALSE	FALSE	1
LAMA2	FALSE	TRUE	FALSE	FALSE	1
AMPH	FALSE	TRUE	FALSE	FALSE	1
PLEKHB1	FALSE	TRUE	FALSE	FALSE	1
FASN	FALSE	TRUE	FALSE	FALSE	1
PRR4	FALSE	TRUE	FALSE	FALSE	1
MYH7B	FALSE	TRUE	FALSE	FALSE	1
DUSP1	FALSE	TRUE	FALSE	FALSE	1
C8orf86	FALSE	TRUE	FALSE	FALSE	1
FBXL16	FALSE	TRUE	FALSE	FALSE	1
CNIH2	FALSE	TRUE	FALSE	FALSE	1
ETV7	FALSE	TRUE	FALSE	FALSE	1
CCDC151	FALSE	TRUE	FALSE	FALSE	1
LOC284837	FALSE	TRUE	FALSE	FALSE	1
PTH1R	FALSE	TRUE	FALSE	FALSE	1
AIM2	FALSE	TRUE	FALSE	FALSE	1
E2F7	FALSE	TRUE	FALSE	FALSE	1
DOCK3	FALSE	TRUE	FALSE	FALSE	1
CLDN1	FALSE	TRUE	FALSE	FALSE	1
LRRC6	FALSE	TRUE	FALSE	FALSE	1
NLRP12	FALSE	TRUE	FALSE	FALSE	1
SLURP1	FALSE	TRUE	FALSE	FALSE	1
GSTM2	FALSE	TRUE	FALSE	FALSE	1
FGF14	FALSE	TRUE	FALSE	FALSE	1
UNC13D	FALSE	TRUE	FALSE	FALSE	1
E2F1	FALSE	TRUE	FALSE	FALSE	1
DCDC1	FALSE	TRUE	FALSE	FALSE	1
CASC5	FALSE	TRUE	FALSE	FALSE	1
SEC14L2	FALSE	TRUE	FALSE	FALSE	1
FRMD3	FALSE	TRUE	FALSE	FALSE	1
SLIT3	FALSE	TRUE	FALSE	FALSE	1
COL29A1	FALSE	TRUE	FALSE	FALSE	1
EDARADD	FALSE	TRUE	FALSE	FALSE	1
GALNTL1	FALSE	TRUE	FALSE	FALSE	1
COX7A1	FALSE	TRUE	FALSE	FALSE	1
DLL3	FALSE	TRUE	FALSE	FALSE	1
C1orf230	FALSE	TRUE	FALSE	FALSE	1
CLDN5	FALSE	TRUE	FALSE	FALSE	1
ECM1	FALSE	TRUE	FALSE	FALSE	1
C5orf27	FALSE	TRUE	FALSE	FALSE	1
KIAA1244	FALSE	TRUE	FALSE	FALSE	1
DSCAML1	FALSE	TRUE	FALSE	FALSE	1
BSN	FALSE	TRUE	FALSE	FALSE	1
PLA2G7	FALSE	TRUE	FALSE	FALSE	1
FAM131B	FALSE	TRUE	FALSE	FALSE	1
MYO18B	FALSE	TRUE	FALSE	FALSE	1
ASF1B	FALSE	TRUE	FALSE	FALSE	1
SEMA6D	FALSE	TRUE	FALSE	FALSE	1
GRIK5	FALSE	TRUE	FALSE	FALSE	1
FABP5	FALSE	TRUE	FALSE	FALSE	1
SGPP2	FALSE	TRUE	FALSE	FALSE	1
NXPH4	FALSE	TRUE	FALSE	FALSE	1
C18orf56	FALSE	TRUE	FALSE	FALSE	1
KIRREL2	FALSE	TRUE	FALSE	FALSE	1
TMPRSS13	FALSE	TRUE	FALSE	FALSE	1
LOC619207	FALSE	TRUE	FALSE	FALSE	1
FAM65C	FALSE	TRUE	FALSE	FALSE	1
LOC100192378	FALSE	TRUE	FALSE	FALSE	1
GLDN	FALSE	TRUE	FALSE	FALSE	1
TUBA3C	FALSE	TRUE	FALSE	FALSE	1
SLC16A12	FALSE	TRUE	FALSE	FALSE	1
C2orf70	FALSE	TRUE	FALSE	FALSE	1
NUDT16P1	FALSE	TRUE	FALSE	FALSE	1
HIST1H2BJ	FALSE	TRUE	FALSE	FALSE	1
OTOR	FALSE	TRUE	FALSE	FALSE	1
GPR37	FALSE	TRUE	FALSE	FALSE	1
LDLRAD1	FALSE	TRUE	FALSE	FALSE	1
ARHGEF4	FALSE	TRUE	FALSE	FALSE	1
HGF	FALSE	TRUE	FALSE	FALSE	1
CNKSR2	FALSE	TRUE	FALSE	FALSE	1
MET	FALSE	TRUE	FALSE	FALSE	1
ASS1	FALSE	TRUE	FALSE	FALSE	1
DGCR9	FALSE	TRUE	FALSE	FALSE	1
ANKRD29	FALSE	TRUE	FALSE	FALSE	1
UPK2	FALSE	TRUE	FALSE	FALSE	1
LILRA3	FALSE	TRUE	FALSE	FALSE	1
STEAP2	FALSE	TRUE	FALSE	FALSE	1
PRND	FALSE	TRUE	FALSE	FALSE	1
SORCS2	FALSE	TRUE	FALSE	FALSE	1
GSTO2	FALSE	TRUE	FALSE	FALSE	1
DNAH9	FALSE	TRUE	FALSE	FALSE	1
MYBL1	FALSE	TRUE	FALSE	FALSE	1
ZBED2	FALSE	TRUE	FALSE	FALSE	1
MAMDC4	FALSE	TRUE	FALSE	FALSE	1
RBM11	FALSE	TRUE	FALSE	FALSE	1
LMOD1	FALSE	TRUE	FALSE	FALSE	1
SPC24	FALSE	TRUE	FALSE	FALSE	1
PDE2A	FALSE	TRUE	FALSE	FALSE	1
CNGA3	FALSE	TRUE	FALSE	FALSE	1
RYR1	FALSE	TRUE	FALSE	FALSE	1
EPHX3	FALSE	TRUE	FALSE	FALSE	1
C2orf62	FALSE	TRUE	FALSE	FALSE	1
MMP23B	FALSE	TRUE	FALSE	FALSE	1
AVPR2	FALSE	TRUE	FALSE	FALSE	1
MGC14436	FALSE	TRUE	FALSE	FALSE	1
SVEP1	FALSE	TRUE	FALSE	FALSE	1
RHBDL3	FALSE	TRUE	FALSE	FALSE	1
LMTK3	FALSE	TRUE	FALSE	FALSE	1
GRHL3	FALSE	TRUE	FALSE	FALSE	1
DCHS2	FALSE	TRUE	FALSE	FALSE	1
IL4I1	FALSE	TRUE	FALSE	FALSE	1
DDC	FALSE	TRUE	FALSE	FALSE	1
WDR62	FALSE	TRUE	FALSE	FALSE	1
SLAMF8	FALSE	TRUE	FALSE	FALSE	1
PTK6	FALSE	TRUE	FALSE	FALSE	1
KIAA1045	FALSE	TRUE	FALSE	FALSE	1
COL4A4	FALSE	TRUE	FALSE	FALSE	1
GLOD5	FALSE	TRUE	FALSE	FALSE	1
MUSTN1	FALSE	TRUE	FALSE	FALSE	1
EME2	FALSE	TRUE	FALSE	FALSE	1
IGSF22	FALSE	TRUE	FALSE	FALSE	1
ANKRD1	FALSE	TRUE	FALSE	FALSE	1
RAB19	FALSE	TRUE	FALSE	FALSE	1
H2AFY2	FALSE	TRUE	FALSE	FALSE	1
C3orf52	FALSE	TRUE	FALSE	FALSE	1
EPR1	FALSE	TRUE	FALSE	FALSE	1
GABRQ	FALSE	TRUE	FALSE	FALSE	1
PRSS27	FALSE	TRUE	FALSE	FALSE	1
LOC441666	FALSE	TRUE	FALSE	FALSE	1
FGF9	FALSE	TRUE	FALSE	FALSE	1
SNORD116-28	FALSE	TRUE	FALSE	FALSE	1
PRKCQ	FALSE	TRUE	FALSE	FALSE	1
EGOT	FALSE	TRUE	FALSE	FALSE	1
P2RY2	FALSE	TRUE	FALSE	FALSE	1
KCNJ10	FALSE	TRUE	FALSE	FALSE	1
DNAH6	FALSE	TRUE	FALSE	FALSE	1
LOC400759	FALSE	TRUE	FALSE	FALSE	1
CCDC160	FALSE	TRUE	FALSE	FALSE	1
GALNT3	FALSE	TRUE	FALSE	FALSE	1
CACNA1G	FALSE	TRUE	FALSE	FALSE	1
DNASE1L2	FALSE	TRUE	FALSE	FALSE	1
SIGLEC12	FALSE	TRUE	FALSE	FALSE	1
GRIN1	FALSE	TRUE	FALSE	FALSE	1
BRDT	FALSE	TRUE	FALSE	FALSE	1
VASH2	FALSE	TRUE	FALSE	FALSE	1
OSBPL6	FALSE	TRUE	FALSE	FALSE	1
C19orf59	FALSE	TRUE	FALSE	FALSE	1
TIGIT	FALSE	TRUE	FALSE	FALSE	1
NOXO1	FALSE	TRUE	FALSE	FALSE	1
STRC	FALSE	TRUE	FALSE	FALSE	1
MDFI	FALSE	TRUE	FALSE	FALSE	1
NEK2	FALSE	TRUE	FALSE	FALSE	1
CEACAM7	FALSE	TRUE	FALSE	FALSE	1
GPER	FALSE	TRUE	FALSE	FALSE	1
TRPM6	FALSE	TRUE	FALSE	FALSE	1
ECM2	FALSE	TRUE	FALSE	FALSE	1
PTCH1	FALSE	TRUE	FALSE	FALSE	1
GPR39	FALSE	TRUE	FALSE	FALSE	1
PDIA2	FALSE	TRUE	FALSE	FALSE	1
FOXI3	FALSE	TRUE	FALSE	FALSE	1
PRR15L	FALSE	TRUE	FALSE	FALSE	1
FAM171A2	FALSE	TRUE	FALSE	FALSE	1
VANGL2	FALSE	TRUE	FALSE	FALSE	1
B4GALNT1	FALSE	TRUE	FALSE	FALSE	1
XAGE2	FALSE	TRUE	FALSE	FALSE	1
NRXN3	FALSE	TRUE	FALSE	FALSE	1
RIPK4	FALSE	TRUE	FALSE	FALSE	1
CD22	FALSE	TRUE	FALSE	FALSE	1
SLCO4C1	FALSE	TRUE	FALSE	FALSE	1
NCRNA00110	FALSE	TRUE	FALSE	FALSE	1
IGFBP6	FALSE	TRUE	FALSE	FALSE	1
VEPH1	FALSE	TRUE	FALSE	FALSE	1
ACSL6	FALSE	TRUE	FALSE	FALSE	1
COL14A1	FALSE	TRUE	FALSE	FALSE	1
ITGBL1	FALSE	TRUE	FALSE	FALSE	1
BCL11B	FALSE	TRUE	FALSE	FALSE	1
RNF157	FALSE	TRUE	FALSE	FALSE	1
PCSK6	FALSE	TRUE	FALSE	FALSE	1
SGCD	FALSE	TRUE	FALSE	FALSE	1
DMRTC1B	FALSE	TRUE	FALSE	FALSE	1
NR2F1	FALSE	TRUE	FALSE	FALSE	1
SYNPO2	FALSE	TRUE	FALSE	FALSE	1
HSPA2	FALSE	TRUE	FALSE	FALSE	1
CADM2	FALSE	TRUE	FALSE	FALSE	1
APOBEC3B	FALSE	TRUE	FALSE	FALSE	1
ICOS	FALSE	TRUE	FALSE	FALSE	1
PDZRN4	FALSE	TRUE	FALSE	FALSE	1
LOC283867	FALSE	TRUE	FALSE	FALSE	1
SLC26A5	FALSE	TRUE	FALSE	FALSE	1
GALNT5	FALSE	TRUE	FALSE	FALSE	1
SPOCK2	FALSE	TRUE	FALSE	FALSE	1
NCRNA00093	FALSE	TRUE	FALSE	FALSE	1
XIRP1	FALSE	TRUE	FALSE	FALSE	1
TEKT2	FALSE	TRUE	FALSE	FALSE	1
CECR7	FALSE	TRUE	FALSE	FALSE	1
PDK4	FALSE	TRUE	FALSE	FALSE	1
OR2W3	FALSE	TRUE	FALSE	FALSE	1
CCNA1	FALSE	TRUE	FALSE	FALSE	1
BRIP1	FALSE	TRUE	FALSE	FALSE	1
C1QTNF9	FALSE	TRUE	FALSE	FALSE	1
TAC1	FALSE	TRUE	FALSE	FALSE	1
CLCNKA	FALSE	TRUE	FALSE	FALSE	1
CCDC19	FALSE	TRUE	FALSE	FALSE	1
INMT	FALSE	TRUE	FALSE	FALSE	1
CLEC2L	FALSE	TRUE	FALSE	FALSE	1
RLTPR	FALSE	TRUE	FALSE	FALSE	1
TLL1	FALSE	TRUE	FALSE	FALSE	1
ARHGEF38	FALSE	TRUE	FALSE	FALSE	1
PPM1J	FALSE	TRUE	FALSE	FALSE	1
TMEM200C	FALSE	TRUE	FALSE	FALSE	1
GCM1	FALSE	TRUE	FALSE	FALSE	1
SLC1A2	FALSE	TRUE	FALSE	FALSE	1
SLC25A18	FALSE	TRUE	FALSE	FALSE	1
FAM101A	FALSE	TRUE	FALSE	FALSE	1
PLD4	FALSE	TRUE	FALSE	FALSE	1
SYP	FALSE	TRUE	FALSE	FALSE	1
COL4A5	FALSE	TRUE	FALSE	FALSE	1
POMC	FALSE	TRUE	FALSE	FALSE	1
MFAP4	FALSE	TRUE	FALSE	FALSE	1
EBF2	FALSE	TRUE	FALSE	FALSE	1
PLCB4	FALSE	TRUE	FALSE	FALSE	1
ETV4	FALSE	TRUE	FALSE	FALSE	1
CLDN9	FALSE	TRUE	FALSE	FALSE	1
PYY	FALSE	TRUE	FALSE	FALSE	1
ZSCAN1	FALSE	TRUE	FALSE	FALSE	1
MFSD4	FALSE	TRUE	FALSE	FALSE	1
NCRNA00173	FALSE	TRUE	FALSE	FALSE	1
PHYHIP	FALSE	TRUE	FALSE	FALSE	1
CX3CR1	FALSE	TRUE	FALSE	FALSE	1
SLC14A2	FALSE	TRUE	FALSE	FALSE	1
CAPN11	FALSE	TRUE	FALSE	FALSE	1
GALNTL2	FALSE	TRUE	FALSE	FALSE	1
C14orf50	FALSE	TRUE	FALSE	FALSE	1
HOXB4	FALSE	TRUE	FALSE	FALSE	1
LAG3	FALSE	TRUE	FALSE	FALSE	1
NWD1	FALSE	TRUE	FALSE	FALSE	1
ID4	FALSE	TRUE	FALSE	FALSE	1
CAPSL	FALSE	TRUE	FALSE	FALSE	1
ZNF667	FALSE	TRUE	FALSE	FALSE	1
ESPL1	FALSE	TRUE	FALSE	FALSE	1
SNCG	FALSE	TRUE	FALSE	FALSE	1
ASPA	FALSE	TRUE	FALSE	FALSE	1
C2orf88	FALSE	TRUE	FALSE	FALSE	1
GJA1	FALSE	TRUE	FALSE	FALSE	1
AKAP12	FALSE	TRUE	FALSE	FALSE	1
ACAN	FALSE	TRUE	FALSE	FALSE	1
CRHBP	FALSE	TRUE	FALSE	FALSE	1
CDC6	FALSE	TRUE	FALSE	FALSE	1
C10orf107	FALSE	TRUE	FALSE	FALSE	1
GPRC5A	FALSE	TRUE	FALSE	FALSE	1
UMODL1	FALSE	TRUE	FALSE	FALSE	1
DIRAS1	FALSE	TRUE	FALSE	FALSE	1
CTLA4	FALSE	TRUE	FALSE	FALSE	1
C2orf48	FALSE	TRUE	FALSE	FALSE	1
FMOD	FALSE	TRUE	FALSE	FALSE	1
COL4A3	FALSE	TRUE	FALSE	FALSE	1
APOBEC3A	FALSE	TRUE	FALSE	FALSE	1
PRLR	FALSE	TRUE	FALSE	FALSE	1
SLC7A11	FALSE	TRUE	FALSE	FALSE	1
STYK1	FALSE	TRUE	FALSE	FALSE	1
DUSP13	FALSE	TRUE	FALSE	FALSE	1
CYP2E1	FALSE	TRUE	FALSE	FALSE	1
LRRN3	FALSE	TRUE	FALSE	FALSE	1
CSDC2	FALSE	TRUE	FALSE	FALSE	1
CCDC85A	FALSE	TRUE	FALSE	FALSE	1
C1orf88	FALSE	TRUE	FALSE	FALSE	1
CCDC153	FALSE	TRUE	FALSE	FALSE	1
POPDC3	FALSE	TRUE	FALSE	FALSE	1
FOXP3	FALSE	TRUE	FALSE	FALSE	1
ABCA9	FALSE	TRUE	FALSE	FALSE	1
LOC286002	FALSE	TRUE	FALSE	FALSE	1
CNNM1	FALSE	TRUE	FALSE	FALSE	1
AMDHD1	FALSE	TRUE	FALSE	FALSE	1
NNAT	FALSE	TRUE	FALSE	FALSE	1
CXCL3	FALSE	TRUE	FALSE	FALSE	1
ACMSD	FALSE	TRUE	FALSE	FALSE	1
CDC25C	FALSE	TRUE	FALSE	FALSE	1
MAOA	FALSE	TRUE	FALSE	FALSE	1
FAM90A1	FALSE	TRUE	FALSE	FALSE	1
MCCD1	FALSE	TRUE	FALSE	FALSE	1
GSTM5	FALSE	TRUE	FALSE	FALSE	1
UHRF1	FALSE	TRUE	FALSE	FALSE	1
CILP	FALSE	TRUE	FALSE	FALSE	1
TOX	FALSE	TRUE	FALSE	FALSE	1
RAMP1	FALSE	TRUE	FALSE	FALSE	1
CCDC158	FALSE	TRUE	FALSE	FALSE	1
LGR5	FALSE	TRUE	FALSE	FALSE	1
FADS2	FALSE	TRUE	FALSE	FALSE	1
LCN12	FALSE	TRUE	FALSE	FALSE	1
TREM1	FALSE	TRUE	FALSE	FALSE	1
TJP3	FALSE	TRUE	FALSE	FALSE	1
CES8	FALSE	TRUE	FALSE	FALSE	1
PDE8B	FALSE	TRUE	FALSE	FALSE	1
F10	FALSE	TRUE	FALSE	FALSE	1
RXRG	FALSE	TRUE	FALSE	FALSE	1
CYP26A1	FALSE	TRUE	FALSE	FALSE	1
VAX2	FALSE	TRUE	FALSE	FALSE	1
IGFBP5	FALSE	TRUE	FALSE	FALSE	1
CASQ2	FALSE	TRUE	FALSE	FALSE	1
F5	FALSE	TRUE	FALSE	FALSE	1
DGAT2	FALSE	TRUE	FALSE	FALSE	1
FLJ12825	FALSE	TRUE	FALSE	FALSE	1
GCNT4	FALSE	TRUE	FALSE	FALSE	1
SLAIN1	FALSE	TRUE	FALSE	FALSE	1
C22orf41	FALSE	TRUE	FALSE	FALSE	1
FAM38B	FALSE	TRUE	FALSE	FALSE	1
C12orf69	FALSE	TRUE	FALSE	FALSE	1
ADRB2	FALSE	TRUE	FALSE	FALSE	1
MCTP2	FALSE	TRUE	FALSE	FALSE	1
CCDC68	FALSE	TRUE	FALSE	FALSE	1
SNAP91	FALSE	TRUE	FALSE	FALSE	1
LYZ	FALSE	TRUE	FALSE	FALSE	1
PDE6B	FALSE	TRUE	FALSE	FALSE	1
SERPINA4	FALSE	TRUE	FALSE	FALSE	1
SARDH	FALSE	TRUE	FALSE	FALSE	1
KCND2	FALSE	TRUE	FALSE	FALSE	1
ACSS3	FALSE	TRUE	FALSE	FALSE	1
ZBTB7C	FALSE	TRUE	FALSE	FALSE	1
LTA	FALSE	TRUE	FALSE	FALSE	1
XKR9	FALSE	TRUE	FALSE	FALSE	1
TMEM105	FALSE	TRUE	FALSE	FALSE	1
SGSM1	FALSE	TRUE	FALSE	FALSE	1
TIFAB	FALSE	TRUE	FALSE	FALSE	1
LOC728264	FALSE	TRUE	FALSE	FALSE	1
PAK3	FALSE	TRUE	FALSE	FALSE	1
VGF	FALSE	TRUE	FALSE	FALSE	1
DNAH11	FALSE	TRUE	FALSE	FALSE	1
BNIPL	FALSE	TRUE	FALSE	FALSE	1
ASPN	FALSE	TRUE	FALSE	FALSE	1
WISP3	FALSE	TRUE	FALSE	FALSE	1
RASEF	FALSE	TRUE	FALSE	FALSE	1
EPHA10	FALSE	TRUE	FALSE	FALSE	1
HAR1A	FALSE	TRUE	FALSE	FALSE	1
RUNX1T1	FALSE	TRUE	FALSE	FALSE	1
CCL5	FALSE	TRUE	FALSE	FALSE	1
AMZ1	FALSE	TRUE	FALSE	FALSE	1
TP53AIP1	FALSE	TRUE	FALSE	FALSE	1
CST9L	FALSE	TRUE	FALSE	FALSE	1
AZGP1	FALSE	TRUE	FALSE	FALSE	1
IVL	FALSE	TRUE	FALSE	FALSE	1
SSTR1	FALSE	TRUE	FALSE	FALSE	1
ODZ3	FALSE	TRUE	FALSE	FALSE	1
CDHR4	FALSE	TRUE	FALSE	FALSE	1
GLRB	FALSE	TRUE	FALSE	FALSE	1
ENPP5	FALSE	TRUE	FALSE	FALSE	1
KSR2	FALSE	TRUE	FALSE	FALSE	1
EDAR	FALSE	TRUE	FALSE	FALSE	1
MPPED1	FALSE	TRUE	FALSE	FALSE	1
AOC3	FALSE	TRUE	FALSE	FALSE	1
ZNF676	FALSE	TRUE	FALSE	FALSE	1
IGSF21	FALSE	TRUE	FALSE	FALSE	1
TNNI3K	FALSE	TRUE	FALSE	FALSE	1
MRAP2	FALSE	TRUE	FALSE	FALSE	1
CSAG2	FALSE	TRUE	FALSE	FALSE	1
CNTNAP3	FALSE	TRUE	FALSE	FALSE	1
QRFPR	FALSE	TRUE	FALSE	FALSE	1
LRRC4C	FALSE	TRUE	FALSE	FALSE	1
CX3CL1	FALSE	TRUE	FALSE	FALSE	1
GPC3	FALSE	TRUE	FALSE	FALSE	1
CCL13	FALSE	TRUE	FALSE	FALSE	1
FOS	FALSE	TRUE	FALSE	FALSE	1
C2CD4C	FALSE	TRUE	FALSE	FALSE	1
HK3	FALSE	TRUE	FALSE	FALSE	1
GREM2	FALSE	TRUE	FALSE	FALSE	1
DUSP15	FALSE	TRUE	FALSE	FALSE	1
EIF3C	FALSE	TRUE	FALSE	FALSE	1
EGFL6	FALSE	TRUE	FALSE	FALSE	1
MT1A	FALSE	TRUE	FALSE	FALSE	1
F13A1	FALSE	TRUE	FALSE	FALSE	1
RLN2	FALSE	TRUE	FALSE	FALSE	1
HSPB7	FALSE	TRUE	FALSE	FALSE	1
LY6K	FALSE	TRUE	FALSE	FALSE	1
IGFN1	FALSE	TRUE	FALSE	FALSE	1
VWA3A	FALSE	TRUE	FALSE	FALSE	1
SLC4A11	FALSE	TRUE	FALSE	FALSE	1
SLC26A7	FALSE	TRUE	FALSE	FALSE	1
SLC12A1	FALSE	TRUE	FALSE	FALSE	1
FHL5	FALSE	TRUE	FALSE	FALSE	1
TMEM150C	FALSE	TRUE	FALSE	FALSE	1
GPX2	FALSE	TRUE	FALSE	FALSE	1
MUC1	FALSE	TRUE	FALSE	FALSE	1
KLK4	FALSE	TRUE	FALSE	FALSE	1
GABRA3	FALSE	TRUE	FALSE	FALSE	1
ODZ2	FALSE	TRUE	FALSE	FALSE	1
FCN2	FALSE	TRUE	FALSE	FALSE	1
C2orf14	FALSE	TRUE	FALSE	FALSE	1
CXCL6	FALSE	TRUE	FALSE	FALSE	1
EMID2	FALSE	TRUE	FALSE	FALSE	1
SNURF	FALSE	TRUE	FALSE	FALSE	1
CXCL9	FALSE	TRUE	FALSE	FALSE	1
HMP19	FALSE	TRUE	FALSE	FALSE	1
PRSS16	FALSE	TRUE	FALSE	FALSE	1
LOC55908	FALSE	TRUE	FALSE	FALSE	1
GJB5	FALSE	TRUE	FALSE	FALSE	1
PDZK1IP1	FALSE	TRUE	FALSE	FALSE	1
UNC5C	FALSE	TRUE	FALSE	FALSE	1
ANGPTL1	FALSE	TRUE	FALSE	FALSE	1
SGCG	FALSE	TRUE	FALSE	FALSE	1
BMPER	FALSE	TRUE	FALSE	FALSE	1
SPRR1B	FALSE	TRUE	FALSE	FALSE	1
CLDN10	FALSE	TRUE	FALSE	FALSE	1
ABCA10	FALSE	TRUE	FALSE	FALSE	1
GDPD3	FALSE	TRUE	FALSE	FALSE	1
CDHR3	FALSE	TRUE	FALSE	FALSE	1
PCDH20	FALSE	TRUE	FALSE	FALSE	1
XDH	FALSE	TRUE	FALSE	FALSE	1
SLC44A5	FALSE	TRUE	FALSE	FALSE	1
PDZK1P1	FALSE	TRUE	FALSE	FALSE	1
CD1A	FALSE	TRUE	FALSE	FALSE	1
CD24	FALSE	TRUE	FALSE	FALSE	1
TNNT3	FALSE	TRUE	FALSE	FALSE	1
SGK2	FALSE	TRUE	FALSE	FALSE	1
CMA1	FALSE	TRUE	FALSE	FALSE	1
CCL8	FALSE	TRUE	FALSE	FALSE	1
GNLY	FALSE	TRUE	FALSE	FALSE	1
DUOXA1	FALSE	TRUE	FALSE	FALSE	1
C5orf4	FALSE	TRUE	FALSE	FALSE	1
PAMR1	FALSE	TRUE	FALSE	FALSE	1
VPREB3	FALSE	TRUE	FALSE	FALSE	1
SHISA2	FALSE	TRUE	FALSE	FALSE	1
ZNF486	FALSE	TRUE	FALSE	FALSE	1
SCN4A	FALSE	TRUE	FALSE	FALSE	1
SLCO4A1	FALSE	TRUE	FALSE	FALSE	1
LCK	FALSE	TRUE	FALSE	FALSE	1
CNTD2	FALSE	TRUE	FALSE	FALSE	1
C17orf93	FALSE	TRUE	FALSE	FALSE	1
SFRP4	FALSE	TRUE	FALSE	FALSE	1
ATHL1	FALSE	TRUE	FALSE	FALSE	1
NLRP5	FALSE	TRUE	FALSE	FALSE	1
CTAG1B	FALSE	TRUE	FALSE	FALSE	1
CPA6	FALSE	TRUE	FALSE	FALSE	1
ANXA3	FALSE	TRUE	FALSE	FALSE	1
GPR88	FALSE	TRUE	FALSE	FALSE	1
C14orf53	FALSE	TRUE	FALSE	FALSE	1
C8orf4	FALSE	TRUE	FALSE	FALSE	1
DMD	FALSE	TRUE	FALSE	FALSE	1
FLJ40330	FALSE	TRUE	FALSE	FALSE	1
RIMS1	FALSE	TRUE	FALSE	FALSE	1
SIM2	FALSE	TRUE	FALSE	FALSE	1
IYD	FALSE	TRUE	FALSE	FALSE	1
IGF1	FALSE	TRUE	FALSE	FALSE	1
GPR64	FALSE	TRUE	FALSE	FALSE	1
LAMC2	FALSE	TRUE	FALSE	FALSE	1
HOXB5	FALSE	TRUE	FALSE	FALSE	1
SYNM	FALSE	TRUE	FALSE	FALSE	1
HOXB6	FALSE	TRUE	FALSE	FALSE	1
KRT32	FALSE	TRUE	FALSE	FALSE	1
NOTUM	FALSE	TRUE	FALSE	FALSE	1
TGM3	FALSE	TRUE	FALSE	FALSE	1
GLYATL1	FALSE	TRUE	FALSE	FALSE	1
F2RL2	FALSE	TRUE	FALSE	FALSE	1
KISS1R	FALSE	TRUE	FALSE	FALSE	1
LHX2	FALSE	TRUE	FALSE	FALSE	1
GNG13	FALSE	TRUE	FALSE	FALSE	1
GTSF1	FALSE	TRUE	FALSE	FALSE	1
HSH2D	FALSE	TRUE	FALSE	FALSE	1
NPFFR2	FALSE	TRUE	FALSE	FALSE	1
MYO3B	FALSE	TRUE	FALSE	FALSE	1
KRT7	FALSE	TRUE	FALSE	FALSE	1
ABCB5	FALSE	TRUE	FALSE	FALSE	1
EYA4	FALSE	TRUE	FALSE	FALSE	1
PCDHA3	FALSE	TRUE	FALSE	FALSE	1
DMRTA1	FALSE	TRUE	FALSE	FALSE	1
SIRPG	FALSE	TRUE	FALSE	FALSE	1
TMEM213	FALSE	TRUE	FALSE	FALSE	1
DNAJC22	FALSE	TRUE	FALSE	FALSE	1
LPAR3	FALSE	TRUE	FALSE	FALSE	1
VWDE	FALSE	TRUE	FALSE	FALSE	1
GABRE	FALSE	TRUE	FALSE	FALSE	1
PTPRQ	FALSE	TRUE	FALSE	FALSE	1
UGT2B4	FALSE	TRUE	FALSE	FALSE	1
GALNT14	FALSE	TRUE	FALSE	FALSE	1
SP5	FALSE	TRUE	FALSE	FALSE	1
SDR42E1	FALSE	TRUE	FALSE	FALSE	1
PREX2	FALSE	TRUE	FALSE	FALSE	1
RDH16	FALSE	TRUE	FALSE	FALSE	1
RNF150	FALSE	TRUE	FALSE	FALSE	1
FCRL5	FALSE	TRUE	FALSE	FALSE	1
CFB	FALSE	TRUE	FALSE	FALSE	1
STEAP4	FALSE	TRUE	FALSE	FALSE	1
POU2AF1	FALSE	TRUE	FALSE	FALSE	1
GLP1R	FALSE	TRUE	FALSE	FALSE	1
LALBA	FALSE	TRUE	FALSE	FALSE	1
ELAVL2	FALSE	TRUE	FALSE	FALSE	1
EMILIN3	FALSE	TRUE	FALSE	FALSE	1
FOSB	FALSE	TRUE	FALSE	FALSE	1
HBA2	FALSE	TRUE	FALSE	FALSE	1
SFTPA2	FALSE	TRUE	FALSE	FALSE	1
CES1	FALSE	TRUE	FALSE	FALSE	1
ABCA6	FALSE	TRUE	FALSE	FALSE	1
CA8	FALSE	TRUE	FALSE	FALSE	1
KCNH8	FALSE	TRUE	FALSE	FALSE	1
ABHD12B	FALSE	TRUE	FALSE	FALSE	1
LOC90246	FALSE	TRUE	FALSE	FALSE	1
LAMA3	FALSE	TRUE	FALSE	FALSE	1
CA4	FALSE	TRUE	FALSE	FALSE	1
PKMYT1	FALSE	TRUE	FALSE	FALSE	1
IRF4	FALSE	TRUE	FALSE	FALSE	1
LOC96610	FALSE	TRUE	FALSE	FALSE	1
SNORD116-4	FALSE	TRUE	FALSE	FALSE	1
NAP1L2	FALSE	TRUE	FALSE	FALSE	1
CNTN3	FALSE	TRUE	FALSE	FALSE	1
DCDC2	FALSE	TRUE	FALSE	FALSE	1
LRAT	FALSE	TRUE	FALSE	FALSE	1
HBB	FALSE	TRUE	FALSE	FALSE	1
APOD	FALSE	TRUE	FALSE	FALSE	1
ADH1C	FALSE	TRUE	FALSE	FALSE	1
C1orf116	FALSE	TRUE	FALSE	FALSE	1
MAGEA2	FALSE	TRUE	FALSE	FALSE	1
PTPN20B	FALSE	TRUE	FALSE	FALSE	1
KRT75	FALSE	TRUE	FALSE	FALSE	1
TPSD1	FALSE	TRUE	FALSE	FALSE	1
RFX6	FALSE	TRUE	FALSE	FALSE	1
PTCHD2	FALSE	TRUE	FALSE	FALSE	1
TCL1A	FALSE	TRUE	FALSE	FALSE	1
GRB14	FALSE	TRUE	FALSE	FALSE	1
THSD7B	FALSE	TRUE	FALSE	FALSE	1
NRG2	FALSE	TRUE	FALSE	FALSE	1
SAA4	FALSE	TRUE	FALSE	FALSE	1
SHISA9	FALSE	TRUE	FALSE	FALSE	1
PCP4L1	FALSE	TRUE	FALSE	FALSE	1
PPARGC1A	FALSE	TRUE	FALSE	FALSE	1
KANK4	FALSE	TRUE	FALSE	FALSE	1
LOC440905	FALSE	TRUE	FALSE	FALSE	1
PCDHA6	FALSE	TRUE	FALSE	FALSE	1
ADAMTS19	FALSE	TRUE	FALSE	FALSE	1
TMEM215	FALSE	TRUE	FALSE	FALSE	1
ATRNL1	FALSE	TRUE	FALSE	FALSE	1
EPHA7	FALSE	TRUE	FALSE	FALSE	1
SCUBE3	FALSE	TRUE	FALSE	FALSE	1
PEX5L	FALSE	TRUE	FALSE	FALSE	1
SLITRK5	FALSE	TRUE	FALSE	FALSE	1
FAM107A	FALSE	TRUE	FALSE	FALSE	1
KCNC1	FALSE	TRUE	FALSE	FALSE	1
PCDHA4	FALSE	TRUE	FALSE	FALSE	1
ATP2B2	FALSE	TRUE	FALSE	FALSE	1
MAMDC2	FALSE	TRUE	FALSE	FALSE	1
KCTD14	FALSE	TRUE	FALSE	FALSE	1
FLT3	FALSE	TRUE	FALSE	FALSE	1
SLC13A2	FALSE	TRUE	FALSE	FALSE	1
KRT4	FALSE	TRUE	FALSE	FALSE	1
CACNA1B	FALSE	TRUE	FALSE	FALSE	1
SLCO1A2	FALSE	TRUE	FALSE	FALSE	1
FGFR3	FALSE	TRUE	FALSE	FALSE	1
FXYD1	FALSE	TRUE	FALSE	FALSE	1
CD36	FALSE	TRUE	FALSE	FALSE	1
OGDHL	FALSE	TRUE	FALSE	FALSE	1
AOX1	FALSE	TRUE	FALSE	FALSE	1
KLK14	FALSE	TRUE	FALSE	FALSE	1
TNFSF12-TNFSF13	FALSE	TRUE	FALSE	FALSE	1
ADH1A	FALSE	TRUE	FALSE	FALSE	1
MT1G	FALSE	TRUE	FALSE	FALSE	1
ACCN1	FALSE	TRUE	FALSE	FALSE	1
VSIG2	FALSE	TRUE	FALSE	FALSE	1
CD207	FALSE	TRUE	FALSE	FALSE	1
HAPLN1	FALSE	TRUE	FALSE	FALSE	1
SULT4A1	FALSE	TRUE	FALSE	FALSE	1
B3GAT1	FALSE	TRUE	FALSE	FALSE	1
ZNF98	FALSE	TRUE	FALSE	FALSE	1
FOXJ1	FALSE	TRUE	FALSE	FALSE	1
ZMAT4	FALSE	TRUE	FALSE	FALSE	1
SPINK8	FALSE	TRUE	FALSE	FALSE	1
BARX2	FALSE	TRUE	FALSE	FALSE	1
GRAMD2	FALSE	TRUE	FALSE	FALSE	1
LOC283392	FALSE	TRUE	FALSE	FALSE	1
SLC1A1	FALSE	TRUE	FALSE	FALSE	1
ALDH3B2	FALSE	TRUE	FALSE	FALSE	1
CASP14	FALSE	TRUE	FALSE	FALSE	1
C6	FALSE	TRUE	FALSE	FALSE	1
DPT	FALSE	TRUE	FALSE	FALSE	1
HSPB6	FALSE	TRUE	FALSE	FALSE	1
ALOX15B	FALSE	TRUE	FALSE	FALSE	1
CLDN19	FALSE	TRUE	FALSE	FALSE	1
ADAMTS16	FALSE	TRUE	FALSE	FALSE	1
MSI1	FALSE	TRUE	FALSE	FALSE	1
C2orf82	FALSE	TRUE	FALSE	FALSE	1
LRP1B	FALSE	TRUE	FALSE	FALSE	1
DARC	FALSE	TRUE	FALSE	FALSE	1
LY6G6C	FALSE	TRUE	FALSE	FALSE	1
PLCXD3	FALSE	TRUE	FALSE	FALSE	1
LGR6	FALSE	TRUE	FALSE	FALSE	1
GLYAT	FALSE	TRUE	FALSE	FALSE	1
LGALS7B	FALSE	TRUE	FALSE	FALSE	1
PLA2G2D	FALSE	TRUE	FALSE	FALSE	1
GJB1	FALSE	TRUE	FALSE	FALSE	1
AK5	FALSE	TRUE	FALSE	FALSE	1
ORM1	FALSE	TRUE	FALSE	FALSE	1
SLC35F3	FALSE	TRUE	FALSE	FALSE	1
SCGN	FALSE	TRUE	FALSE	FALSE	1
DCX	FALSE	TRUE	FALSE	FALSE	1
CRISPLD1	FALSE	TRUE	FALSE	FALSE	1
TF	FALSE	TRUE	FALSE	FALSE	1
KIAA0408	FALSE	TRUE	FALSE	FALSE	1
GPM6A	FALSE	TRUE	FALSE	FALSE	1
S100A7A	FALSE	TRUE	FALSE	FALSE	1
C8orf85	FALSE	TRUE	FALSE	FALSE	1
MYOC	FALSE	TRUE	FALSE	FALSE	1
OSR1	FALSE	TRUE	FALSE	FALSE	1
FAT2	FALSE	TRUE	FALSE	FALSE	1
CXCR2P1	FALSE	TRUE	FALSE	FALSE	1
CYP24A1	FALSE	TRUE	FALSE	FALSE	1
SLC28A3	FALSE	TRUE	FALSE	FALSE	1
KCNIP2	FALSE	TRUE	FALSE	FALSE	1
AQP7P1	FALSE	TRUE	FALSE	FALSE	1
NELL2	FALSE	TRUE	FALSE	FALSE	1
CD79A	FALSE	TRUE	FALSE	FALSE	1
RIMS2	FALSE	TRUE	FALSE	FALSE	1
IRX1	FALSE	TRUE	FALSE	FALSE	1
PAH	FALSE	TRUE	FALSE	FALSE	1
MRAP	FALSE	TRUE	FALSE	FALSE	1
ACTN2	FALSE	TRUE	FALSE	FALSE	1
CIDEA	FALSE	TRUE	FALSE	FALSE	1
CHST9	FALSE	TRUE	FALSE	FALSE	1
CD19	FALSE	TRUE	FALSE	FALSE	1
CRYM	FALSE	TRUE	FALSE	FALSE	1
DLX2	FALSE	TRUE	FALSE	FALSE	1
LGALS12	FALSE	TRUE	FALSE	FALSE	1
LBP	FALSE	TRUE	FALSE	FALSE	1
PTPRZ1	FALSE	TRUE	FALSE	FALSE	1
UGT2B28	FALSE	TRUE	FALSE	FALSE	1
SPAG6	FALSE	TRUE	FALSE	FALSE	1
NPY2R	FALSE	TRUE	FALSE	FALSE	1
LEP	FALSE	TRUE	FALSE	FALSE	1
CBLN2	FALSE	TRUE	FALSE	FALSE	1
KRT15	FALSE	TRUE	FALSE	FALSE	1
CALML3	FALSE	TRUE	FALSE	FALSE	1
WDR72	FALSE	TRUE	FALSE	FALSE	1
COL17A1	FALSE	TRUE	FALSE	FALSE	1
CARTPT	FALSE	TRUE	FALSE	FALSE	1
BEX1	FALSE	TRUE	FALSE	FALSE	1
FGB	FALSE	TRUE	FALSE	FALSE	1
SYT13	FALSE	TRUE	FALSE	FALSE	1
CRISP3	FALSE	TRUE	FALSE	FALSE	1
TCN1	FALSE	TRUE	FALSE	FALSE	1
OLFM4	FALSE	TRUE	FALSE	FALSE	1
GSTM1	FALSE	TRUE	FALSE	FALSE	1
GSTT1	FALSE	TRUE	FALSE	FALSE	1
